source,pollster,time,state,primary,ALP,COA,GRN,OTH,tweet_id
ghost,Essential,2019-02-05 06:29:17,Federal,true,36.0,38.0,10.0,0,1.0926714834600182e+18
ghost,Essential,2019-02-05 06:28:47,Federal,false,52.0,48.0,N/A,N/A,1.0926713593044582e+18
ghost,Newspoll,2019-01-28 10:55:51,Federal,true,38.0,37.0,9.0,0,1.0898394658355896e+18
ghost,Newspoll,2019-01-28 10:54:45,Federal,false,53.0,47.0,N/A,N/A,1.0898391899092992e+18
ghost,Newspoll,2019-01-27 11:36:29,Federal,false,51.0,49.0,N/A,N/A,1.0894873048617452e+18
ghost,Essential,2019-01-15 06:14:08,Federal,true,38.0,38.0,10.0,0,1.08505752867575e+18
ghost,Essential,2019-01-15 06:13:22,Federal,false,53.0,47.0,N/A,N/A,1.0850573358175272e+18
ghost,Newspoll,2018-12-25 20:46:30,Federal,true,40.0,30.0,8.0,0,1.0776669196484404e+18
ghost,Newspoll,2018-12-25 20:46:08,Federal,false,58.0,42.0,N/A,N/A,1.0776668274323825e+18
ghost,Newspoll,2018-12-25 20:45:21,Federal,true,38.0,38.0,11.0,0,1.0776666292054098e+18
ghost,Newspoll,2018-12-25 20:44:37,Federal,false,53.0,47.0,N/A,N/A,1.0776664469461647e+18
ghost,Newspoll,2018-12-25 20:44:15,Federal,true,39.0,34.0,9.0,0,1.077666353505493e+18
ghost,Newspoll,2018-12-25 20:43:42,Federal,false,54.0,46.0,N/A,N/A,1.0776662165782118e+18
ghost,Newspoll,2018-12-25 20:43:15,Federal,true,44.0,36.0,9.0,0,1.0776661043092152e+18
ghost,Newspoll,2018-12-25 20:42:42,Federal,false,56.0,44.0,N/A,N/A,1.0776659629276529e+18
ghost,Newspoll,2018-12-25 20:42:13,Federal,true,39.0,34.0,8.0,0,1.0776658424630068e+18
ghost,Newspoll,2018-12-25 20:41:21,Federal,false,54.0,46.0,N/A,N/A,1.0776656261544591e+18
ghost,Essential,2018-12-18 06:16:51,Federal,true,36.0,37.0,11.0,0,1.074911352479568e+18
ghost,Essential,2018-12-18 06:16:01,Federal,false,53.0,47.0,N/A,N/A,1.0749111406882202e+18
ghost,Ipsos,2018-12-16 10:10:41,Federal,true,37.0,36.0,13.0,0,1.0742454224224911e+18
ghost,Ipsos,2018-12-16 10:09:37,Federal,false,54.0,46.0,N/A,N/A,1.0742451504973578e+18
ghost,ReachTEL,2018-12-15 00:50:26,Federal,true,35.0,39.5,6.9,6.4,1.073742040679084e+18
ghost,ReachTEL,2018-12-15 00:49:19,Federal,false,49.0,51.0,N/A,N/A,1.073741759350362e+18
ghost,Newspoll,2018-12-09 10:33:20,Federal,true,41.0,35.0,9.0,0,1.071714405010694e+18
ghost,Newspoll,2018-12-09 10:32:03,Federal,false,55.0,45.0,N/A,N/A,1.0717140809545768e+18
ghost,ReachTEL,2018-12-08 01:52:42,Federal,true,38.2,33.5,10.6,3.5,1.0712209947175364e+18
ghost,ReachTEL,2018-12-08 01:50:06,Federal,false,54.0,46.0,N/A,N/A,1.0712203415806076e+18
ghost,Essential,2018-12-04 06:13:50,Federal,true,39.0,38.0,10.0,0,1.0698371610530776e+18
ghost,Essential,2018-12-04 06:13:02,Federal,false,54.0,46.0,N/A,N/A,1.0698369581913498e+18
ghost,Newspoll,2018-11-25 10:34:33,Federal,true,40.0,34.0,9.0,0,1.066641281638486e+18
ghost,Newspoll,2018-11-25 10:31:44,Federal,false,55.0,45.0,N/A,N/A,1.0666405740720128e+18
ghost,Essential,2018-11-20 06:11:31,Federal,true,35.0,37.0,11.0,0,1.0647631470372004e+18
ghost,Essential,2018-11-20 06:10:23,Federal,false,52.0,48.0,N/A,N/A,1.0647628639426929e+18
ghost,Ipsos,2018-11-18 09:07:40,Federal,true,34.0,37.0,13.0,0,1.0640827015551386e+18
ghost,Ipsos,2018-11-18 09:05:12,Federal,false,52.0,48.0,N/A,N/A,1.06408208026547e+18
ghost,Galaxy,2018-11-12 06:17:28,Federal,true,34.0,38.0,9.0,0,1.0618655440711108e+18
ghost,Newspoll,2018-11-11 10:33:07,Federal,true,40.0,35.0,9.0,0,1.0615674918501745e+18
ghost,Newspoll,2018-11-11 10:31:58,Federal,false,55.0,45.0,N/A,N/A,1.0615672017511014e+18
ghost,Galaxy,2018-11-11 07:23:38,Federal,false,50.0,50.0,N/A,N/A,1.0615198059313724e+18
ghost,Essential,2018-11-06 06:18:29,Federal,true,39.0,36.0,10.0,0,1.059691469194244e+18
ghost,Essential,2018-11-06 06:17:59,Federal,false,54.0,46.0,N/A,N/A,1.0596913440612884e+18
ghost,Newspoll,2018-10-28 10:32:48,Federal,true,39.0,36.0,9.0,0,1.0564939803874058e+18
ghost,Newspoll,2018-10-28 10:31:46,Federal,false,54.0,46.0,N/A,N/A,1.0564937197701652e+18
ghost,Newspoll,2018-10-23 06:21:44,Federal,true,40.0,31.0,9.0,0,1.0546188602408878e+18
ghost,Newspoll,2018-10-23 06:20:57,Federal,true,42.0,38.0,8.0,0,1.054618663259562e+18
ghost,Newspoll,2018-10-23 06:20:23,Federal,true,37.0,33.0,10.0,0,1.0546185187070688e+18
ghost,Newspoll,2018-10-23 06:19:41,Federal,true,43.0,35.0,11.0,0,1.0546183413886404e+18
ghost,Newspoll,2018-10-23 06:19:08,Federal,true,40.0,36.0,10.0,0,1.0546182065962968e+18
ghost,Essential,2018-10-23 06:17:09,Federal,true,37.0,38.0,10.0,0,1.054617705708368e+18
ghost,Essential,2018-10-23 06:16:12,Federal,false,53.0,47.0,N/A,N/A,1.0546174651104625e+18
ghost,Newspoll,2018-10-22 11:47:31,Federal,false,58.0,42.0,N/A,N/A,1.0543384576260056e+18
ghost,Newspoll,2018-10-22 11:42:40,Federal,false,54.0,46.0,N/A,N/A,1.0543372365719634e+18
ghost,Newspoll,2018-10-22 11:41:57,Federal,false,54.0,46.0,N/A,N/A,1.0543370542036746e+18
ghost,Newspoll,2018-10-22 11:39:49,Federal,false,57.0,43.0,N/A,N/A,1.0543365182302944e+18
ghost,Newspoll,2018-10-22 11:39:14,Federal,false,54.0,46.0,N/A,N/A,1.0543363725411532e+18
ghost,Newspoll,2018-10-14 10:32:13,Federal,true,38.0,37.0,11.0,0,1.0514204029232004e+18
ghost,Newspoll,2018-10-14 10:30:59,Federal,false,53.0,47.0,N/A,N/A,1.0514200938407322e+18
ghost,Ipsos,2018-10-14 09:08:22,Federal,true,35.0,35.0,15.0,0,1.051399302642262e+18
ghost,Ipsos,2018-10-14 09:07:23,Federal,false,55.0,45.0,N/A,N/A,1.0513990550776012e+18
ghost,Essential,2018-10-09 06:14:34,Federal,true,37.0,38.0,10.0,0,1.0495436233127812e+18
ghost,Essential,2018-10-09 06:13:15,Federal,false,53.0,47.0,N/A,N/A,1.0495432955447132e+18
ghost,Essential,2018-09-25 07:55:08,Federal,true,36.0,37.0,12.0,0,1.0444955044473938e+18
ghost,Essential,2018-09-25 07:54:19,Federal,false,53.0,47.0,N/A,N/A,1.0444952972487762e+18
ghost,Newspoll,2018-09-23 11:32:22,Federal,true,39.0,36.0,10.0,0,1.0438253961841009e+18
ghost,Newspoll,2018-09-23 11:31:17,Federal,false,54.0,46.0,N/A,N/A,1.0438251243553916e+18
ghost,ReachTEL,2018-09-19 07:22:12,Federal,false,43.0,57.0,N/A,N/A,1.0423128873881436e+18
ghost,Ipsos,2018-09-16 09:00:30,Federal,true,31.0,34.0,15.0,0,1.0412504623164128e+18
ghost,Ipsos,2018-09-16 08:43:25,Federal,false,53.0,47.0,N/A,N/A,1.0412461630625464e+18
ghost,Essential,2018-09-11 08:21:10,Federal,true,37.0,36.0,10.0,0,1.0394286255970632e+18
ghost,Essential,2018-09-10 11:03:39,Federal,false,54.0,46.0,N/A,N/A,1.0391071275942502e+18
ghost,Newspoll,2018-09-09 12:40:39,Federal,true,42.0,34.0,10.0,0,1.038769149139288e+18
ghost,Newspoll,2018-09-09 11:32:00,Federal,false,56.0,44.0,N/A,N/A,1.0387518732373196e+18
ghost,ReachTEL,2018-08-28 13:25:04,Federal,false,50.0,50.0,N/A,N/A,1.034431673717338e+18
ghost,Essential,2018-08-27 23:12:18,Federal,true,39.0,35.0,10.0,0,1.0342170679420108e+18
ghost,Essential,2018-08-27 11:00:37,Federal,false,55.0,45.0,N/A,N/A,1.0340329333113774e+18
ghost,Newspoll,2018-08-26 11:39:10,Federal,true,41.0,33.0,10.0,0,1.0336802455916872e+18
ghost,Newspoll,2018-08-26 11:31:06,Federal,false,56.0,44.0,N/A,N/A,1.0336782167439892e+18
ghost,ReachTEL,2018-08-26 10:54:52,Federal,false,48.0,52.0,N/A,N/A,1.0336690973791928e+18
ghost,ReachTEL,2018-08-26 10:54:03,Federal,false,46.0,54.0,N/A,N/A,1.0336688945299988e+18
ghost,ReachTEL,2018-08-26 10:52:58,Federal,false,53.0,47.0,N/A,N/A,1.0336686187712552e+18
ghost,Newspoll,2018-08-25 02:11:46,Federal,false,52.0,48.0,N/A,N/A,1.0331750682836132e+18
ghost,ReachTEL,2018-08-23 07:21:58,Federal,true,35.0,33.3,10.8,2.8,1.0325283558981836e+18
ghost,ReachTEL,2018-08-23 07:21:27,Federal,false,53.0,47.0,N/A,N/A,1.032528228504617e+18
ghost,Ipsos,2018-08-19 11:18:59,Federal,true,35.0,33.0,13.0,0,1.031138454363562e+18
ghost,Ipsos,2018-08-19 11:07:52,Federal,false,55.0,45.0,N/A,N/A,1.0311356537596028e+18
ghost,Galaxy,2018-08-14 12:50:02,Federal,true,34.0,37.0,9.0,0,1.0293494287027896e+18
ghost,Galaxy,2018-08-14 12:48:55,Federal,false,50.0,50.0,N/A,N/A,1.0293491449581322e+18
ghost,Essential,2018-08-14 07:12:43,Federal,true,37.0,39.0,10.0,0,1.0292645401967206e+18
ghost,Essential,2018-08-14 07:12:10,Federal,false,52.0,48.0,N/A,N/A,1.0292644003334268e+18
ghost,Newspoll,2018-08-12 11:59:36,Federal,true,35.0,37.0,10.0,0,1.0286119578158204e+18
ghost,Newspoll,2018-08-12 11:31:21,Federal,false,51.0,49.0,N/A,N/A,1.0286048510165564e+18
ghost,ReachTEL,2018-08-06 07:30:53,Federal,false,57.0,43.0,N/A,N/A,1.0263700087277444e+18
ghost,ReachTEL,2018-08-05 23:13:14,Federal,true,34.4,35.0,12.1,2.3,1.0262447696749772e+18
ghost,ReachTEL,2018-08-05 23:11:47,Federal,false,52.0,48.0,N/A,N/A,1.026244405445808e+18
ghost,Galaxy,2018-08-05 02:46:57,Federal,true,36.0,42.0,10.0,0,1.0259361665230888e+18
ghost,Galaxy,2018-08-05 02:45:34,Federal,false,49.0,51.0,N/A,N/A,1.0259358194024324e+18
ghost,Essential,2018-07-31 07:14:03,Federal,true,36.0,41.0,10.0,0,1.0241914450815468e+18
ghost,Essential,2018-07-31 07:12:58,Federal,false,51.0,49.0,N/A,N/A,1.024191173601067e+18
ghost,Newspoll,2018-07-29 11:32:25,Federal,true,36.0,39.0,10.0,0,1.023531687131603e+18
ghost,Newspoll,2018-07-29 11:31:11,Federal,false,51.0,49.0,N/A,N/A,1.0235313801084804e+18
ghost,Newspoll,2018-07-27 14:11:31,Federal,true,40.0,36.0,0,0,1.0228469529652676e+18
ghost,Newspoll,2018-07-27 14:07:04,Federal,true,40.0,43.0,5.0,8.0,1.022845832163287e+18
ghost,Newspoll,2018-07-27 12:32:21,Federal,false,51.0,49.0,N/A,N/A,1.0228219939540092e+18
ghost,Newspoll,2018-07-27 12:31:33,Federal,false,51.0,49.0,N/A,N/A,1.0228217954710856e+18
ghost,ReachTEL,2018-07-27 07:19:32,Federal,false,0,41.0,N/A,N/A,1.02274327195972e+18
ghost,ReachTEL,2018-07-26 07:55:06,Federal,true,44.9,0,17.0,0,1.0223898362362511e+18
ghost,ReachTEL,2018-07-26 07:54:28,Federal,false,68.0,0,N/A,N/A,1.0223896756237764e+18
ghost,ReachTEL,2018-07-26 07:53:59,Federal,true,49.3,0,16.0,0,1.0223895540183164e+18
ghost,ReachTEL,2018-07-26 07:52:39,Federal,false,69.0,0,N/A,N/A,1.0223892186333798e+18
ghost,Galaxy,2018-07-22 22:43:37,Federal,true,49.0,0,22.0,0,1.0211638870459638e+18
ghost,Galaxy,2018-07-22 22:24:51,Federal,true,40.0,44.0,4.0,7.0,1.0211591621834956e+18
ghost,Galaxy,2018-07-22 13:29:23,Federal,false,66.0,0,N/A,N/A,1.0210244077691084e+18
ghost,Ipsos,2018-07-22 13:10:55,Federal,true,34.0,39.0,12.0,0,1.0210197610297016e+18
ghost,Ipsos,2018-07-22 12:55:39,Federal,false,51.0,49.0,N/A,N/A,1.0210159195003084e+18
ghost,Galaxy,2018-07-22 12:36:55,Federal,true,9.0,35.0,7.0,0,1.0210112070949068e+18
ghost,Galaxy,2018-07-22 12:34:59,Federal,false,0,41.0,N/A,N/A,1.0210107177621914e+18
ghost,Galaxy,2018-07-22 12:09:06,Federal,false,50.0,50.0,N/A,N/A,1.0210042046665974e+18
ghost,Galaxy,2018-07-22 12:08:27,Federal,true,37.0,34.0,0,0,1.0210040430348984e+18
ghost,Galaxy,2018-07-22 12:07:41,Federal,false,49.0,51.0,N/A,N/A,1.021003848335233e+18
ghost,ReachTEL,2018-07-21 12:03:36,Federal,false,49.0,51.0,N/A,N/A,1.0206404316069068e+18
ghost,ReachTEL,2018-07-20 14:20:12,Federal,false,52.0,48.0,N/A,N/A,1.0203124218926449e+18
ghost,Essential,2018-07-17 07:14:45,Federal,true,36.0,40.0,10.0,0,1.0191181901131407e+18
ghost,Essential,2018-07-17 07:14:02,Federal,false,51.0,49.0,N/A,N/A,1.0191180094308844e+18
ghost,Newspoll,2018-07-15 11:34:16,Federal,true,36.0,38.0,10.0,0,1.0184587252526244e+18
ghost,Newspoll,2018-07-15 11:32:44,Federal,false,51.0,49.0,N/A,N/A,1.01845833684335e+18
ghost,ReachTEL,2018-07-09 07:24:15,Federal,true,36.3,42.9,4.4,8.0,1.0162214779960975e+18
ghost,Ipsos,2018-07-08 14:26:25,Federal,false,52.0,48.0,N/A,N/A,1.0159653335621304e+18
ghost,Ipsos,2018-07-08 14:24:44,Federal,false,47.0,53.0,N/A,N/A,1.0159649080625888e+18
ghost,Ipsos,2018-07-08 14:23:16,Federal,false,52.0,48.0,N/A,N/A,1.0159645380033126e+18
ghost,Ipsos,2018-07-08 14:22:37,Federal,false,56.0,44.0,N/A,N/A,1.0159643740606218e+18
ghost,Ipsos,2018-07-08 14:21:51,Federal,false,53.0,47.0,N/A,N/A,1.0159641811141508e+18
ghost,Newspoll,2018-07-08 14:19:43,Federal,true,33.0,37.0,7.0,0,1.0159636448094986e+18
ghost,Newspoll,2018-07-08 14:19:12,Federal,false,51.0,49.0,N/A,N/A,1.0159635136956252e+18
ghost,Newspoll,2018-07-08 14:17:37,Federal,true,37.0,42.0,10.0,0,1.015963117254148e+18
ghost,Newspoll,2018-07-08 14:16:48,Federal,false,50.0,50.0,N/A,N/A,1.0159629099968224e+18
ghost,Newspoll,2018-07-08 14:16:29,Federal,true,38.0,36.0,9.0,0,1.0159628315633828e+18
ghost,Newspoll,2018-07-08 14:16:02,Federal,false,53.0,47.0,N/A,N/A,1.0159627187911311e+18
ghost,Newspoll,2018-07-08 14:15:05,Federal,true,39.0,39.0,10.0,0,1.0159624816409436e+18
ghost,Newspoll,2018-07-08 14:14:35,Federal,false,53.0,47.0,N/A,N/A,1.0159623530603644e+18
ghost,Newspoll,2018-07-08 14:13:46,Federal,true,37.0,38.0,9.0,0,1.0159621504628776e+18
ghost,Newspoll,2018-07-08 14:13:06,Federal,false,52.0,48.0,N/A,N/A,1.0159619827242598e+18
ghost,Essential,2018-07-02 11:04:49,Federal,true,37.0,40.0,11.0,0,1.0137402716478752e+18
ghost,Essential,2018-07-02 11:02:44,Federal,false,52.0,48.0,N/A,N/A,1.0137397462946284e+18
ghost,Newspoll,2018-07-01 11:48:43,Federal,true,37.0,39.0,9.0,0,1.0133889319900815e+18
ghost,Newspoll,2018-07-01 11:46:51,Federal,false,51.0,49.0,N/A,N/A,1.0133884596527556e+18
ghost,ReachTEL,2018-06-27 22:32:16,Federal,true,39.0,35.5,3.3,0,1.012101331543208e+18
ghost,ReachTEL,2018-06-27 10:54:43,Federal,false,49.0,51.0,N/A,N/A,1.0119257881180078e+18
ghost,Ipsos,2018-06-24 13:56:47,Federal,true,35.0,35.0,12.0,0,1.010884445295952e+18
ghost,Ipsos,2018-06-24 11:10:15,Federal,false,53.0,47.0,N/A,N/A,1.0108425353573458e+18
ghost,ReachTEL,2018-06-24 05:19:20,Federal,true,8.2,32.7,9.0,0,1.0107542241230684e+18
ghost,ReachTEL,2018-06-24 05:17:43,Federal,true,39.1,34.9,4.4,0,1.0107538163612344e+18
ghost,ReachTEL,2018-06-24 04:16:34,Federal,true,27.3,40.8,4.2,0,1.0107384273717208e+18
ghost,ReachTEL,2018-06-24 04:15:59,Federal,false,46.0,54.0,N/A,N/A,1.0107382830122394e+18
ghost,ReachTEL,2018-06-24 04:14:55,Federal,false,0,38.0,N/A,N/A,1.0107380121020908e+18
ghost,ReachTEL,2018-06-24 04:12:41,Federal,false,0,50.0,N/A,N/A,1.0107374502834586e+18
ghost,Essential,2018-06-19 07:13:29,Federal,true,35.0,38.0,11.0,0,1.0089710116335698e+18
ghost,Essential,2018-06-19 07:12:43,Federal,false,52.0,48.0,N/A,N/A,1.00897081952179e+18
ghost,Newspoll,2018-06-17 11:32:38,Federal,true,38.0,38.0,10.0,0,1.0083114543850948e+18
ghost,Newspoll,2018-06-17 11:31:33,Federal,false,52.0,48.0,N/A,N/A,1.0083111780056064e+18
ghost,Galaxy,2018-06-08 08:02:34,Federal,false,0,42.0,N/A,N/A,1.004997098071253e+18
ghost,ReachTEL,2018-06-07 09:14:43,Federal,false,0,42.0,N/A,N/A,1.0046528658669814e+18
ghost,Essential,2018-06-05 07:41:39,Federal,true,37.0,36.0,10.0,0,1.0039046678588252e+18
ghost,Essential,2018-06-05 07:40:53,Federal,false,54.0,46.0,N/A,N/A,1.0039044777939272e+18
ghost,ReachTEL,2018-06-02 23:35:39,Federal,true,33.0,47.0,6.0,0,1.003057586600493e+18
ghost,ReachTEL,2018-06-02 23:34:13,Federal,false,46.0,54.0,N/A,N/A,1.0030572251856282e+18
ghost,ReachTEL,2018-06-02 23:33:10,Federal,true,35.0,38.0,2.0,0,1.003056964811686e+18
ghost,ReachTEL,2018-06-02 23:32:41,Federal,false,48.0,52.0,N/A,N/A,1.0030568403624756e+18
ghost,ReachTEL,2018-06-02 23:30:39,Federal,true,34.0,35.0,11.0,0,1.0030563292151848e+18
ghost,ReachTEL,2018-06-02 23:30:12,Federal,false,52.0,48.0,N/A,N/A,1.003056214618411e+18
ghost,Newspoll,2018-05-27 11:32:44,Federal,true,38.0,38.0,9.0,0,1.0007013330479882e+18
ghost,Newspoll,2018-05-27 11:31:44,Federal,false,52.0,48.0,N/A,N/A,1.0007010826060554e+18
ghost,Essential,2018-05-22 07:35:16,Federal,true,36.0,40.0,10.0,0,9.988296341574e+17
ghost,Essential,2018-05-22 07:33:57,Federal,false,51.0,49.0,N/A,N/A,9.988293022034084e+17
ghost,Essential,2018-05-15 07:13:40,Federal,true,36.0,38.0,10.0,0,9.962874833808753e+17
ghost,Essential,2018-05-15 07:13:03,Federal,false,52.0,48.0,N/A,N/A,9.962873277007954e+17
ghost,Ipsos,2018-05-13 14:06:41,Federal,true,37.0,36.0,11.0,0,9.956666463111904e+17
ghost,Ipsos,2018-05-13 14:06:41,Federal,true,37.0,36.0,11.0,0,9.956666463111904e+17
ghost,Ipsos,2018-05-13 12:22:21,Federal,false,54.0,46.0,N/A,N/A,9.956403910838068e+17
ghost,Ipsos,2018-05-13 12:22:21,Federal,false,54.0,46.0,N/A,N/A,9.956403910838068e+17
ghost,Newspoll,2018-05-13 12:09:33,Federal,true,38.0,39.0,9.0,0,9.956371683442564e+17
ghost,Newspoll,2018-05-13 12:09:33,Federal,true,38.0,39.0,9.0,0,9.956371683442564e+17
ghost,Newspoll,2018-05-13 11:41:14,Federal,false,51.0,49.0,N/A,N/A,9.956300431192392e+17
ghost,Galaxy,2018-05-12 00:08:48,Federal,true,33.0,40.0,10.0,0,9.950933964976456e+17
ghost,ReachTEL,2018-05-11 14:38:15,Federal,true,32.5,36.7,4.9,0,9.949498138745404e+17
ghost,ReachTEL,2018-05-11 14:38:15,Federal,true,32.5,36.7,4.9,0,9.949498138745404e+17
ghost,ReachTEL,2018-05-11 14:36:32,Federal,false,47.0,53.0,N/A,N/A,9.949493809132832e+17
ghost,ReachTEL,2018-05-11 14:36:32,Federal,false,47.0,53.0,N/A,N/A,9.949493809132832e+17
ghost,Galaxy,2018-05-11 14:09:54,Federal,false,48.0,52.0,N/A,N/A,9.949426774508012e+17
ghost,Essential,2018-05-08 07:17:21,Federal,true,37.0,38.0,10.0,0,9.937516931405496e+17
ghost,Essential,2018-05-08 07:15:22,Federal,false,53.0,47.0,N/A,N/A,9.937511955870432e+17
ghost,Essential,2018-05-08 07:15:22,Federal,false,53.0,47.0,N/A,N/A,9.937511955870432e+17
ghost,ReachTEL,2018-05-02 07:22:35,Federal,true,35.0,36.0,10.0,0,9.915786817629676e+17
ghost,ReachTEL,2018-05-02 07:21:59,Federal,false,52.0,48.0,N/A,N/A,9.915785320892212e+17
ghost,ReachTEL,2018-05-02 07:21:59,Federal,false,52.0,48.0,N/A,N/A,9.915785320892212e+17
ghost,Essential,2018-04-24 07:27:09,Federal,true,36.0,37.0,11.0,0,9.886807292141364e+17
ghost,Essential,2018-04-24 07:27:09,Federal,true,36.0,37.0,11.0,0,9.886807292141364e+17
ghost,Essential,2018-04-24 07:26:33,Federal,false,53.0,47.0,N/A,N/A,9.886805793642824e+17
ghost,Newspoll,2018-04-22 11:57:24,Federal,true,37.0,38.0,9.0,0,9.880239636231782e+17
ghost,Newspoll,2018-04-22 11:37:23,Federal,false,51.0,49.0,N/A,N/A,9.880189255635928e+17
ghost,Newspoll,2018-04-22 11:37:23,Federal,false,51.0,49.0,N/A,N/A,9.880189255635928e+17
ghost,Essential,2018-04-10 07:14:14,Federal,true,37.0,38.0,10.0,0,9.836040485017354e+17
ghost,Essential,2018-04-10 07:11:56,Federal,false,53.0,47.0,N/A,N/A,9.836034705308344e+17
ghost,Newspoll,2018-04-08 12:16:58,Federal,true,37.0,38.0,10.0,0,9.82955457542144e+17
ghost,Newspoll,2018-04-08 12:15:51,Federal,false,52.0,48.0,N/A,N/A,9.82955177048064e+17
ghost,Ipsos,2018-04-06 21:35:55,Federal,true,34.0,36.0,12.0,0,9.823713487343412e+17
ghost,Ipsos,2018-04-06 21:35:55,Federal,true,34.0,36.0,12.0,0,9.823713487343412e+17
ghost,Ipsos,2018-04-06 21:35:25,Federal,false,52.0,48.0,N/A,N/A,9.823712206905796e+17
ghost,Ipsos,2018-04-06 21:35:25,Federal,false,52.0,48.0,N/A,N/A,9.823712206905796e+17
ghost,Newspoll,2018-04-01 14:14:22,Federal,true,36.0,34.0,6.0,0,9.804482878062592e+17
ghost,Newspoll,2018-04-01 14:13:06,Federal,false,54.0,46.0,N/A,N/A,9.80447970335142e+17
ghost,Newspoll,2018-04-01 14:13:06,Federal,false,54.0,46.0,N/A,N/A,9.80447970335142e+17
ghost,Newspoll,2018-04-01 14:12:20,Federal,true,39.0,39.0,9.0,0,9.804477767428506e+17
ghost,Newspoll,2018-04-01 14:11:00,Federal,false,52.0,48.0,N/A,N/A,9.804474398145004e+17
ghost,Newspoll,2018-04-01 14:10:25,Federal,true,36.0,36.0,9.0,0,9.804472932990484e+17
ghost,Newspoll,2018-04-01 14:09:16,Federal,false,51.0,49.0,N/A,N/A,9.804470058424196e+17
ghost,Newspoll,2018-04-01 14:09:16,Federal,false,51.0,49.0,N/A,N/A,9.804470058424196e+17
ghost,Newspoll,2018-04-01 14:08:35,Federal,true,38.0,37.0,13.0,0,9.804468328063468e+17
ghost,Newspoll,2018-04-01 14:07:48,Federal,false,54.0,46.0,N/A,N/A,9.804466344200068e+17
ghost,Newspoll,2018-04-01 14:07:48,Federal,false,54.0,46.0,N/A,N/A,9.804466344200068e+17
ghost,Newspoll,2018-04-01 14:07:23,Federal,true,38.0,36.0,8.0,0,9.804465304768102e+17
ghost,Newspoll,2018-04-01 14:06:20,Federal,false,53.0,47.0,N/A,N/A,9.804462684712388e+17
ghost,Newspoll,2018-04-01 14:06:20,Federal,false,53.0,47.0,N/A,N/A,9.804462684712388e+17
ghost,ReachTEL,2018-03-29 06:23:17,Federal,true,36.0,34.0,10.0,0,9.79242573859504e+17
ghost,ReachTEL,2018-03-29 06:23:17,Federal,true,36.0,34.0,10.0,0,9.79242573859504e+17
ghost,ReachTEL,2018-03-29 06:22:24,Federal,false,54.0,46.0,N/A,N/A,9.792423502234092e+17
ghost,Essential,2018-03-26 12:10:59,Federal,true,36.0,38.0,9.0,0,9.782429089134796e+17
ghost,Essential,2018-03-26 12:10:59,Federal,true,36.0,38.0,9.0,0,9.782429089134796e+17
ghost,Essential,2018-03-26 12:10:01,Federal,false,52.0,48.0,N/A,N/A,9.782426677074492e+17
ghost,Essential,2018-03-26 12:10:01,Federal,false,52.0,48.0,N/A,N/A,9.782426677074492e+17
ghost,Newspoll,2018-03-25 10:41:23,Federal,true,39.0,37.0,9.0,0,9.77857973237072e+17
ghost,Newspoll,2018-03-25 10:41:23,Federal,true,39.0,37.0,9.0,0,9.77857973237072e+17
ghost,Newspoll,2018-03-25 10:38:37,Federal,false,53.0,47.0,N/A,N/A,9.778572764121824e+17
ghost,Newspoll,2018-03-25 10:38:37,Federal,false,53.0,47.0,N/A,N/A,9.778572764121824e+17
ghost,Essential,2018-03-13 06:17:02,Federal,true,38.0,36.0,9.0,0,9.73442795145896e+17
ghost,Essential,2018-03-13 06:15:37,Federal,false,54.0,46.0,N/A,N/A,9.734424384748832e+17
ghost,Essential,2018-03-13 06:15:37,Federal,false,54.0,46.0,N/A,N/A,9.734424384748832e+17
ghost,Newspoll,2018-03-04 10:35:40,Federal,true,38.0,37.0,9.0,0,9.702463909399264e+17
ghost,Newspoll,2018-03-04 10:35:40,Federal,true,38.0,37.0,9.0,0,9.702463909399264e+17
ghost,Newspoll,2018-03-04 10:34:41,Federal,false,53.0,47.0,N/A,N/A,9.702461447888076e+17
ghost,Newspoll,2018-03-04 10:34:41,Federal,false,53.0,47.0,N/A,N/A,9.702461447888076e+17
ghost,Essential,2018-02-27 06:14:20,Federal,true,35.0,35.0,10.0,0,9.683686826437386e+17
ghost,Essential,2018-02-27 06:13:24,Federal,false,53.0,47.0,N/A,N/A,9.683684509881016e+17
ghost,ReachTEL,2018-02-24 22:12:18,Federal,true,37.0,33.0,11.0,0,9.675226029347226e+17
ghost,ReachTEL,2018-02-24 21:35:02,Federal,false,54.0,46.0,N/A,N/A,9.675132230700236e+17
ghost,ReachTEL,2018-02-24 21:35:02,Federal,false,54.0,46.0,N/A,N/A,9.675132230700236e+17
ghost,Newspoll,2018-02-18 11:00:42,Federal,true,37.0,36.0,10.0,0,9.651792622768128e+17
ghost,Newspoll,2018-02-18 10:34:07,Federal,false,53.0,47.0,N/A,N/A,9.651725721647718e+17
ghost,Essential,2018-02-13 06:13:47,Federal,true,37.0,36.0,10.0,0,9.632951168142418e+17
ghost,Essential,2018-02-13 06:12:52,Federal,false,54.0,46.0,N/A,N/A,9.632948864044156e+17
ghost,Essential,2018-02-13 06:12:52,Federal,false,54.0,46.0,N/A,N/A,9.632948864044156e+17
ghost,Galaxy,2018-02-09 21:40:57,Federal,true,32.0,41.0,10.0,0,9.62078895640998e+17
ghost,Galaxy,2018-02-09 21:40:57,Federal,true,32.0,41.0,10.0,0,9.62078895640998e+17
ghost,Galaxy,2018-02-09 12:46:13,Federal,false,48.0,52.0,N/A,N/A,9.61944324257624e+17
ghost,Newspoll,2018-02-04 10:38:30,Federal,true,37.0,38.0,10.0,0,9.601002414909604e+17
ghost,Newspoll,2018-02-04 10:36:53,Federal,false,52.0,48.0,N/A,N/A,9.600998345888768e+17
ghost,Essential,2018-01-30 06:55:43,Federal,true,36.0,35.0,10.0,0,9.582322369139752e+17
ghost,Essential,2018-01-30 06:55:43,Federal,true,36.0,35.0,10.0,0,9.582322369139752e+17
ghost,Essential,2018-01-30 06:54:28,Federal,false,54.0,46.0,N/A,N/A,9.582319232890798e+17
ghost,Galaxy,2018-01-29 06:45:09,Federal,true,18.0,33.0,0,0,9.578671905557832e+17
ghost,Galaxy,2018-01-29 06:43:58,Federal,false,0,41.0,N/A,N/A,9.578668931629548e+17
ghost,ReachTEL,2018-01-27 21:47:51,Federal,false,52.0,48.0,N/A,N/A,9.573695884962692e+17
ghost,ReachTEL,2018-01-27 21:47:51,Federal,false,52.0,48.0,N/A,N/A,9.573695884962692e+17
ghost,Essential,2018-01-15 10:06:33,Federal,true,38.0,37.0,9.0,0,9.52844447053566e+17
ghost,Essential,2018-01-15 10:05:43,Federal,false,53.0,47.0,N/A,N/A,9.528442347379508e+17
ghost,Essential,2018-01-15 10:05:43,Federal,false,53.0,47.0,N/A,N/A,9.528442347379508e+17
ghost,Newspoll,2017-12-26 06:19:15,Federal,true,32.0,33.0,5.0,0,9.455394858983876e+17
ghost,Newspoll,2017-12-26 06:19:15,Federal,true,32.0,33.0,5.0,0,9.455394858983876e+17
ghost,Newspoll,2017-12-26 06:18:00,Federal,false,53.0,47.0,N/A,N/A,9.455391703568056e+17
ghost,Newspoll,2017-12-26 06:17:12,Federal,true,39.0,39.0,9.0,0,9.455389703849738e+17
ghost,Newspoll,2017-12-26 06:16:42,Federal,false,53.0,47.0,N/A,N/A,9.455388430248796e+17
ghost,Newspoll,2017-12-26 06:16:10,Federal,true,37.0,32.0,9.0,0,9.45538711353094e+17
ghost,Newspoll,2017-12-26 06:16:10,Federal,true,37.0,32.0,9.0,0,9.45538711353094e+17
ghost,Newspoll,2017-12-26 06:15:41,Federal,false,55.0,45.0,N/A,N/A,9.45538590137729e+17
ghost,Newspoll,2017-12-26 06:14:42,Federal,true,37.0,37.0,13.0,0,9.45538343365894e+17
ghost,Newspoll,2017-12-26 06:14:42,Federal,true,37.0,37.0,13.0,0,9.45538343365894e+17
ghost,Newspoll,2017-12-26 06:14:16,Federal,false,54.0,46.0,N/A,N/A,9.455382335212052e+17
ghost,Newspoll,2017-12-26 06:13:52,Federal,true,37.0,35.0,9.0,0,9.455381334702284e+17
ghost,Newspoll,2017-12-26 06:13:52,Federal,true,37.0,35.0,9.0,0,9.455381334702284e+17
ghost,Newspoll,2017-12-26 06:13:18,Federal,false,54.0,46.0,N/A,N/A,9.45537990708695e+17
ghost,Essential,2017-12-19 06:35:43,Federal,true,38.0,37.0,9.0,0,9.430069146185932e+17
ghost,Essential,2017-12-19 06:35:43,Federal,true,38.0,37.0,9.0,0,9.430069146185932e+17
ghost,Essential,2017-12-19 06:34:47,Federal,false,53.0,47.0,N/A,N/A,9.43006681209774e+17
ghost,Essential,2017-12-19 06:34:47,Federal,false,53.0,47.0,N/A,N/A,9.43006681209774e+17
ghost,Newspoll,2017-12-17 10:41:36,Federal,true,37.0,36.0,10.0,0,9.423440161414964e+17
ghost,Newspoll,2017-12-17 10:41:36,Federal,true,37.0,36.0,10.0,0,9.423440161414964e+17
ghost,Newspoll,2017-12-17 10:40:47,Federal,false,53.0,47.0,N/A,N/A,9.423438138460732e+17
ghost,Newspoll,2017-12-17 10:40:47,Federal,false,53.0,47.0,N/A,N/A,9.423438138460732e+17
ghost,Essential,2017-12-12 06:20:26,Federal,true,38.0,35.0,10.0,0,9.404663542467296e+17
ghost,Essential,2017-12-12 06:20:26,Federal,true,38.0,35.0,10.0,0,9.404663542467296e+17
ghost,Essential,2017-12-12 06:18:51,Federal,false,54.0,46.0,N/A,N/A,9.40465953673855e+17
ghost,Essential,2017-12-05 06:14:49,Federal,true,38.0,35.0,9.0,0,9.379282260215808e+17
ghost,Essential,2017-12-05 06:13:52,Federal,false,55.0,45.0,N/A,N/A,9.37927985805525e+17
ghost,Newspoll,2017-12-03 10:41:49,Federal,true,37.0,36.0,10.0,0,9.372706409853256e+17
ghost,Newspoll,2017-12-03 10:40:50,Federal,false,53.0,47.0,N/A,N/A,9.372703931523318e+17
ghost,Ipsos,2017-12-03 08:10:53,Federal,true,33.0,34.0,13.0,0,9.372326578463744e+17
ghost,Ipsos,2017-12-03 08:08:30,Federal,false,53.0,47.0,N/A,N/A,9.372320605607076e+17
ghost,ReachTEL,2017-11-29 06:15:42,Federal,false,53.0,47.0,N/A,N/A,9.357541210340598e+17
ghost,Essential,2017-11-27 10:01:31,Federal,true,38.0,36.0,9.0,0,9.350861728077414e+17
ghost,Essential,2017-11-27 10:00:47,Federal,false,54.0,46.0,N/A,N/A,9.350859869622232e+17
ghost,Essential,2017-11-27 10:00:47,Federal,false,54.0,46.0,N/A,N/A,9.350859869622232e+17
ghost,Essential,2017-11-20 10:01:20,Federal,true,38.0,35.0,9.0,0,9.325494128569056e+17
ghost,Essential,2017-11-20 10:01:20,Federal,true,38.0,35.0,9.0,0,9.325494128569056e+17
ghost,Essential,2017-11-20 10:00:42,Federal,false,54.0,46.0,N/A,N/A,9.325492542953882e+17
ghost,Essential,2017-11-14 06:13:25,Federal,true,38.0,36.0,9.0,0,9.303177295835996e+17
ghost,Essential,2017-11-14 06:12:37,Federal,false,54.0,46.0,N/A,N/A,9.303175275021516e+17
ghost,Essential,2017-11-14 06:12:37,Federal,false,54.0,46.0,N/A,N/A,9.303175275021516e+17
ghost,Newspoll,2017-11-12 10:33:07,Federal,true,38.0,34.0,9.0,0,9.296583097784648e+17
ghost,Newspoll,2017-11-12 10:31:31,Federal,false,55.0,45.0,N/A,N/A,9.296579063030866e+17
ghost,Essential,2017-11-06 11:04:17,Federal,true,37.0,37.0,10.0,0,9.274918248343306e+17
ghost,Essential,2017-11-06 11:03:42,Federal,false,53.0,47.0,N/A,N/A,9.274916781805404e+17
ghost,Essential,2017-10-31 06:21:28,Federal,true,37.0,36.0,10.0,0,9.252463242654556e+17
ghost,Essential,2017-10-31 06:20:46,Federal,false,54.0,46.0,N/A,N/A,9.252461469513114e+17
ghost,Newspoll,2017-10-29 10:45:47,Federal,true,37.0,35.0,10.0,0,9.245880654729176e+17
ghost,Newspoll,2017-10-29 10:45:47,Federal,true,37.0,35.0,10.0,0,9.245880654729176e+17
ghost,Newspoll,2017-10-29 10:45:15,Federal,false,54.0,46.0,N/A,N/A,9.245879292420178e+17
ghost,ReachTEL,2017-10-26 06:17:46,Federal,false,53.0,47.0,N/A,N/A,9.234334525478748e+17
ghost,Essential,2017-10-24 06:17:29,Federal,true,36.0,37.0,9.0,0,9.227086055386808e+17
ghost,Essential,2017-10-24 06:16:49,Federal,false,52.0,48.0,N/A,N/A,9.227084405391729e+17
ghost,Essential,2017-10-17 06:40:27,Federal,true,36.0,37.0,9.0,0,9.20177668980478e+17
ghost,Essential,2017-10-17 06:39:27,Federal,false,52.0,48.0,N/A,N/A,9.201774187231436e+17
ghost,Essential,2017-10-17 06:39:27,Federal,false,52.0,48.0,N/A,N/A,9.201774187231436e+17
ghost,Newspoll,2017-10-15 10:32:44,Federal,true,37.0,36.0,10.0,0,9.195113507699836e+17
ghost,Newspoll,2017-10-15 10:32:44,Federal,true,37.0,36.0,10.0,0,9.195113507699836e+17
ghost,Newspoll,2017-10-15 10:31:38,Federal,false,54.0,46.0,N/A,N/A,9.195110743318118e+17
ghost,Essential,2017-10-10 06:18:43,Federal,true,38.0,36.0,10.0,0,9.17635486562214e+17
ghost,Essential,2017-10-10 06:18:43,Federal,true,38.0,36.0,10.0,0,9.17635486562214e+17
ghost,Essential,2017-10-10 06:18:05,Federal,false,54.0,46.0,N/A,N/A,9.176353263271322e+17
ghost,ReachTEL,2017-10-04 08:35:02,Federal,true,37.2,31.6,11.2,3.2,9.1549546637192e+17
ghost,ReachTEL,2017-10-04 08:35:02,Federal,true,37.2,31.6,11.2,3.2,9.1549546637192e+17
ghost,ReachTEL,2017-10-04 08:33:05,Federal,false,53.0,47.0,N/A,N/A,9.15494973524525e+17
ghost,Essential,2017-10-04 06:20:56,Federal,true,38.0,36.0,10.0,0,9.1546171668258e+17
ghost,Essential,2017-10-04 06:20:18,Federal,false,54.0,46.0,N/A,N/A,9.154615590144572e+17
ghost,Essential,2017-10-04 06:20:18,Federal,false,54.0,46.0,N/A,N/A,9.154615590144572e+17
ghost,ReachTEL,2017-10-02 06:24:28,Federal,false,53.0,47.0,N/A,N/A,9.14737829267243e+17
ghost,Essential,2017-09-26 07:22:28,Federal,true,37.0,37.0,10.0,0,9.12578101741183e+17
ghost,Essential,2017-09-26 07:22:01,Federal,false,53.0,47.0,N/A,N/A,9.12577985580077e+17
ghost,Newspoll,2017-09-24 11:34:12,Federal,true,38.0,36.0,9.0,0,9.11916676513284e+17
ghost,Newspoll,2017-09-24 11:34:12,Federal,true,38.0,36.0,9.0,0,9.11916676513284e+17
ghost,Newspoll,2017-09-24 11:33:47,Federal,false,54.0,46.0,N/A,N/A,9.119165704854652e+17
ghost,Newspoll,2017-09-24 11:33:47,Federal,false,54.0,46.0,N/A,N/A,9.119165704854652e+17
ghost,Essential,2017-09-19 07:16:03,Federal,true,36.0,38.0,10.0,0,9.100397701300388e+17
ghost,Essential,2017-09-19 07:15:21,Federal,false,52.0,48.0,N/A,N/A,9.100395932562308e+17
ghost,Essential,2017-09-19 07:15:21,Federal,false,52.0,48.0,N/A,N/A,9.100395932562308e+17
ghost,Essential,2017-09-12 07:22:56,Federal,true,37.0,36.0,10.0,0,9.075047881993012e+17
ghost,Essential,2017-09-12 07:22:56,Federal,true,37.0,36.0,10.0,0,9.075047881993012e+17
ghost,Essential,2017-09-12 07:22:14,Federal,false,54.0,46.0,N/A,N/A,9.07504611765887e+17
ghost,Ipsos,2017-09-10 09:07:55,Federal,true,34.0,35.0,14.0,0,9.068064302121452e+17
ghost,Ipsos,2017-09-10 09:05:49,Federal,false,53.0,47.0,N/A,N/A,9.068059030720266e+17
ghost,Essential,2017-09-05 07:14:50,Federal,true,37.0,36.0,10.0,0,9.049660339155272e+17
ghost,Essential,2017-09-05 07:14:11,Federal,false,53.0,47.0,N/A,N/A,9.049658706607308e+17
ghost,Essential,2017-09-05 07:14:11,Federal,false,53.0,47.0,N/A,N/A,9.049658706607308e+17
ghost,Newspoll,2017-09-03 11:34:10,Federal,true,38.0,37.0,9.0,0,9.043065231485092e+17
ghost,Newspoll,2017-09-03 11:33:13,Federal,false,53.0,47.0,N/A,N/A,9.04306279996244e+17
ghost,Essential,2017-08-29 07:18:54,Federal,true,36.0,37.0,10.0,0,9.024303404461711e+17
ghost,Essential,2017-08-29 07:17:42,Federal,false,53.0,47.0,N/A,N/A,9.024300389931908e+17
ghost,Essential,2017-08-29 07:17:42,Federal,false,53.0,47.0,N/A,N/A,9.024300389931908e+17
ghost,ReachTEL,2017-08-24 08:01:34,Federal,true,36.7,31.7,10.3,2.8,9.006291403484447e+17
ghost,ReachTEL,2017-08-24 07:14:34,Federal,false,52.0,48.0,N/A,N/A,9.006173111151084e+17
ghost,Essential,2017-08-22 07:14:36,Federal,true,37.0,37.0,9.0,0,8.99892544099582e+17
ghost,Essential,2017-08-22 07:13:54,Federal,false,53.0,47.0,N/A,N/A,8.998923672719278e+17
ghost,Newspoll,2017-08-20 11:33:32,Federal,true,38.0,35.0,9.0,0,8.992329309075538e+17
ghost,Newspoll,2017-08-20 11:33:06,Federal,false,54.0,46.0,N/A,N/A,8.992328208616489e+17
ghost,Essential,2017-08-15 07:16:13,Federal,true,39.0,37.0,9.0,0,8.973562348015616e+17
ghost,Essential,2017-08-15 07:15:39,Federal,false,54.0,46.0,N/A,N/A,8.973560952151245e+17
ghost,Essential,2017-08-08 07:16:02,Federal,true,39.0,37.0,9.0,0,8.948194765368361e+17
ghost,Essential,2017-08-08 07:15:27,Federal,false,54.0,46.0,N/A,N/A,8.948193302941409e+17
ghost,Galaxy,2017-08-06 12:15:55,Federal,true,32.0,37.0,7.0,0,8.941701673573294e+17
ghost,Galaxy,2017-08-06 12:13:08,Federal,false,49.0,51.0,N/A,N/A,8.941694661451858e+17
ghost,Newspoll,2017-08-06 11:42:07,Federal,true,36.0,36.0,11.0,0,8.941616634059407e+17
ghost,Newspoll,2017-08-06 11:41:00,Federal,false,53.0,47.0,N/A,N/A,8.94161382165291e+17
ghost,Essential,2017-08-01 07:14:49,Federal,true,36.0,38.0,10.0,0,8.922824520722186e+17
ghost,Essential,2017-08-01 07:13:57,Federal,false,52.0,48.0,N/A,N/A,8.922822361201869e+17
ghost,Galaxy,2017-07-30 11:14:18,Federal,true,37.0,39.0,11.0,0,8.91617945020801e+17
ghost,Galaxy,2017-07-30 11:13:17,Federal,false,52.0,48.0,N/A,N/A,8.916176898981724e+17
ghost,Essential,2017-07-25 07:24:34,Federal,true,37.0,38.0,10.0,0,8.89748192497066e+17
ghost,Essential,2017-07-25 07:22:45,Federal,false,53.0,47.0,N/A,N/A,8.89747734256681e+17
ghost,Newspoll,2017-07-23 11:39:53,Federal,true,37.0,36.0,9.0,0,8.890876701183058e+17
ghost,Newspoll,2017-07-23 11:39:28,Federal,false,53.0,47.0,N/A,N/A,8.89087566615466e+17
ghost,ReachTEL,2017-07-20 07:45:50,Federal,false,51.0,49.0,N/A,N/A,8.879416065479148e+17
ghost,Essential,2017-07-18 07:17:46,Federal,true,38.0,36.0,10.0,0,8.872097679402189e+17
ghost,Essential,2017-07-18 07:16:58,Federal,false,54.0,46.0,N/A,N/A,8.87209564751319e+17
ghost,ReachTEL,2017-07-13 11:21:46,Federal,true,32.1,34.3,6.6,0,8.854592314695844e+17
ghost,Essential,2017-07-11 07:15:21,Federal,true,36.0,36.0,11.0,0,8.84672441976447e+17
ghost,Essential,2017-07-11 07:14:07,Federal,false,54.0,46.0,N/A,N/A,8.846721309478502e+17
ghost,Newspoll,2017-07-09 11:32:11,Federal,true,36.0,35.0,10.0,0,8.840123025544192e+17
ghost,Newspoll,2017-07-09 11:31:11,Federal,false,53.0,47.0,N/A,N/A,8.840120489457746e+17
ghost,Essential,2017-07-04 07:18:03,Federal,true,36.0,38.0,11.0,0,8.821364079840543e+17
ghost,Essential,2017-07-04 07:17:23,Federal,false,53.0,47.0,N/A,N/A,8.821362385593426e+17
ghost,ReachTEL,2017-06-30 07:20:14,Federal,true,33.1,30.8,9.6,3.1,8.80687406592254e+17
ghost,ReachTEL,2017-06-30 07:19:16,Federal,false,52.0,48.0,N/A,N/A,8.806871603698442e+17
ghost,Essential,2017-06-27 07:06:56,Federal,true,36.0,39.0,10.0,0,8.795968935498957e+17
ghost,Essential,2017-06-27 07:05:36,Federal,false,52.0,48.0,N/A,N/A,8.795965600314327e+17
ghost,Newspoll,2017-06-25 14:02:02,Federal,true,33.0,29.0,6.0,0,8.789765810534564e+17
ghost,Newspoll,2017-06-25 13:59:42,Federal,true,42.0,40.0,8.0,0,8.789759940857774e+17
ghost,Newspoll,2017-06-25 13:55:16,Federal,true,35.0,33.0,8.0,0,8.789748783632712e+17
ghost,Newspoll,2017-06-25 13:54:07,Federal,true,35.0,37.0,13.0,0,8.789745896021033e+17
ghost,Newspoll,2017-06-25 13:52:47,Federal,true,37.0,37.0,9.0,0,8.78974253126697e+17
ghost,Essential,2017-06-20 07:35:19,Federal,true,35.0,38.0,9.0,0,8.770673205768192e+17
ghost,Essential,2017-06-20 07:34:22,Federal,false,52.0,48.0,N/A,N/A,8.770670855195197e+17
ghost,Newspoll,2017-06-18 11:38:59,Federal,true,37.0,36.0,9.0,0,8.764038694749348e+17
ghost,Newspoll,2017-06-18 11:37:43,Federal,false,53.0,47.0,N/A,N/A,8.764035486987223e+17
ghost,Essential,2017-06-14 07:11:34,Federal,true,36.0,38.0,10.0,0,8.748870172256952e+17
ghost,Essential,2017-06-14 07:10:59,Federal,false,52.0,48.0,N/A,N/A,8.748868707774177e+17
ghost,Essential,2017-06-06 07:15:34,Federal,true,37.0,39.0,10.0,0,8.719889237692621e+17
ghost,Essential,2017-06-06 07:14:49,Federal,false,52.0,48.0,N/A,N/A,8.719887325761044e+17
ghost,Essential,2017-05-30 07:15:54,Federal,true,36.0,38.0,11.0,0,8.694522928895099e+17
ghost,Essential,2017-05-30 07:15:16,Federal,false,53.0,47.0,N/A,N/A,8.69452130041516e+17
ghost,Newspoll,2017-05-28 11:33:31,Federal,true,36.0,36.0,10.0,0,8.687923454114611e+17
ghost,Newspoll,2017-05-28 11:32:09,Federal,false,53.0,47.0,N/A,N/A,8.687920034163999e+17
ghost,Essential,2017-05-23 07:12:50,Federal,true,37.0,37.0,10.0,0,8.669148045684736e+17
ghost,Essential,2017-05-23 07:12:22,Federal,false,54.0,46.0,N/A,N/A,8.669146859744911e+17
ghost,Essential,2017-05-16 07:15:14,Federal,true,38.0,37.0,10.0,0,8.643786919707116e+17
ghost,Essential,2017-05-16 07:14:30,Federal,false,54.0,46.0,N/A,N/A,8.64378508281172e+17
ghost,ReachTEL,2017-05-15 07:28:56,Federal,true,34.2,34.3,10.3,3.5,8.640197535971533e+17
ghost,Newspoll,2017-05-14 11:37:56,Federal,true,36.0,36.0,10.0,0,8.637200294931825e+17
ghost,Newspoll,2017-05-14 11:36:15,Federal,false,53.0,47.0,N/A,N/A,8.637196050338693e+17
ghost,Ipsos,2017-05-14 11:23:21,Federal,true,35.0,37.0,13.0,0,8.637163591164232e+17
ghost,Ipsos,2017-05-14 11:21:46,Federal,false,53.0,47.0,N/A,N/A,8.637159592357929e+17
ghost,ReachTEL,2017-05-12 08:11:33,Federal,false,54.0,46.0,N/A,N/A,8.629433138627052e+17
ghost,ReachTEL,2017-05-12 08:11:17,Federal,false,53.0,47.0,N/A,N/A,8.629432479994348e+17
ghost,Essential,2017-05-09 07:21:54,Federal,true,38.0,37.0,10.0,0,8.618436563485491e+17
ghost,Essential,2017-05-09 07:20:55,Federal,false,54.0,46.0,N/A,N/A,8.618434094592655e+17
ghost,Essential,2017-05-02 07:17:59,Federal,true,37.0,38.0,9.0,0,8.593059568652247e+17
ghost,Essential,2017-05-02 07:17:22,Federal,false,53.0,47.0,N/A,N/A,8.593057998557266e+17
ghost,Galaxy,2017-04-30 13:26:24,Federal,true,33.0,35.0,0,0,8.586738938206863e+17
ghost,Galaxy,2017-04-30 13:25:10,Federal,false,50.0,50.0,N/A,N/A,8.586735837147791e+17
ghost,Essential,2017-04-25 07:19:37,Federal,true,36.0,37.0,10.0,0,8.567696497859789e+17
ghost,Essential,2017-04-25 07:18:49,Federal,false,53.0,47.0,N/A,N/A,8.567694508040028e+17
ghost,Newspoll,2017-04-23 11:54:02,Federal,true,35.0,36.0,9.0,0,8.561139341677117e+17
ghost,Newspoll,2017-04-23 11:51:10,Federal,false,52.0,48.0,N/A,N/A,8.561132130871624e+17
ghost,Essential,2017-04-19 07:09:50,Federal,true,37.0,36.0,10.0,0,8.545928618111017e+17
ghost,Essential,2017-04-19 07:09:11,Federal,false,54.0,46.0,N/A,N/A,8.545926971678802e+17
ghost,Essential,2017-04-11 07:27:42,Federal,true,36.0,37.0,10.0,0,8.516982538170409e+17
ghost,Essential,2017-04-11 07:27:13,Federal,false,53.0,47.0,N/A,N/A,8.516981324589384e+17
ghost,Newspoll,2017-04-09 13:51:02,Federal,true,30.0,31.0,6.0,0,8.510699474175672e+17
ghost,Newspoll,2017-04-09 13:49:16,Federal,true,39.0,39.0,10.0,0,8.510695019782308e+17
ghost,Newspoll,2017-04-09 13:47:32,Federal,true,33.0,34.0,9.0,0,8.510690682577879e+17
ghost,Newspoll,2017-04-09 13:46:27,Federal,true,38.0,34.0,12.0,0,8.510687941013012e+17
ghost,Newspoll,2017-04-09 13:45:02,Federal,true,36.0,37.0,10.0,0,8.510684382272061e+17
ghost,Essential,2017-04-04 07:15:04,Federal,true,36.0,37.0,10.0,0,8.491583628768707e+17
ghost,Essential,2017-04-04 07:13:43,Federal,false,53.0,47.0,N/A,N/A,8.491580212970537e+17
ghost,Newspoll,2017-04-02 11:48:59,Federal,true,36.0,36.0,10.0,0,8.485025193995551e+17
ghost,Newspoll,2017-04-02 11:47:45,Federal,false,53.0,47.0,N/A,N/A,8.485022084085842e+17
ghost,Essential,2017-03-28 06:15:57,Federal,true,37.0,35.0,10.0,0,8.466067693631775e+17
ghost,Essential,2017-03-28 06:14:56,Federal,false,54.0,46.0,N/A,N/A,8.466065109394883e+17
ghost,ReachTEL,2017-03-27 07:07:37,Federal,true,34.5,34.9,9.4,0,8.46257382879486e+17
ghost,Ipsos,2017-03-26 09:04:07,Federal,true,34.0,33.0,16.0,0,8.459243114917888e+17
ghost,Ipsos,2017-03-26 09:01:32,Federal,false,55.0,45.0,N/A,N/A,8.459236627420078e+17
ghost,ReachTEL,2017-03-21 15:23:41,Federal,false,48.0,52.0,N/A,N/A,8.442078937589883e+17
ghost,Essential,2017-03-21 06:14:54,Federal,true,37.0,34.0,9.0,0,8.440697901424927e+17
ghost,Essential,2017-03-20 20:30:33,Federal,false,55.0,45.0,N/A,N/A,8.439227317667021e+17
ghost,Newspoll,2017-03-19 11:36:48,Federal,true,0,0,0,0,8.434260204683018e+17
ghost,Newspoll,2017-03-19 10:51:44,Federal,true,35.0,37.0,9.0,0,8.434146811464212e+17
ghost,Newspoll,2017-03-19 10:49:44,Federal,false,52.0,48.0,N/A,N/A,8.434141775321416e+17
ghost,ReachTEL,2017-03-17 20:36:55,Federal,true,34.6,37.5,11.2,4.9,8.428371718201549e+17
ghost,ReachTEL,2017-03-17 12:56:27,Federal,false,53.0,47.0,N/A,N/A,8.427212913544765e+17
ghost,Essential,2017-03-14 06:10:35,Federal,true,36.0,35.0,9.0,0,8.415319877393285e+17
ghost,Essential,2017-03-14 06:10:02,Federal,false,53.0,47.0,N/A,N/A,8.415318487779e+17
ghost,Essential,2017-03-07 06:59:17,Federal,true,37.0,37.0,9.0,0,8.390075291158938e+17
ghost,Essential,2017-03-07 06:58:43,Federal,false,53.0,47.0,N/A,N/A,8.390073845592105e+17
ghost,Essential,2017-02-28 06:14:20,Federal,true,37.0,37.0,9.0,0,8.364594998000108e+17
ghost,Essential,2017-02-28 06:12:53,Federal,false,53.0,47.0,N/A,N/A,8.364591359776768e+17
ghost,ReachTEL,2017-02-26 22:39:52,Federal,true,27.1,33.2,3.0,0,8.359827430873743e+17
ghost,ReachTEL,2017-02-26 22:38:46,Federal,false,0,51.5,N/A,N/A,8.35982465030185e+17
ghost,ReachTEL,2017-02-26 22:38:14,Federal,false,44.0,56.0,N/A,N/A,8.359823341511516e+17
ghost,Newspoll,2017-02-26 11:22:57,Federal,true,37.0,34.0,10.0,0,8.358123903315395e+17
ghost,Newspoll,2017-02-26 11:21:52,Federal,false,55.0,45.0,N/A,N/A,8.358121206042296e+17
ghost,Essential,2017-02-21 06:16:16,Federal,true,34.0,36.0,10.0,0,8.339232723915653e+17
ghost,Essential,2017-02-21 06:15:45,Federal,false,52.0,48.0,N/A,N/A,8.339231410134262e+17
ghost,Essential,2017-02-14 06:15:22,Federal,true,35.0,36.0,9.0,0,8.313863304666276e+17
ghost,Essential,2017-02-14 06:14:09,Federal,false,52.0,48.0,N/A,N/A,8.313860236784558e+17
ghost,Galaxy,2017-02-13 11:55:46,Federal,true,29.0,35.0,8.0,0,8.3110960949026e+17
ghost,Galaxy,2017-02-13 11:54:48,Federal,false,49.0,51.0,N/A,N/A,8.311093653482496e+17
ghost,Essential,2017-02-07 07:28:49,Federal,true,37.0,36.0,8.0,0,8.28868099172479e+17
ghost,Essential,2017-02-07 07:28:15,Federal,false,53.0,47.0,N/A,N/A,8.288679580593807e+17
ghost,Newspoll,2017-02-05 11:21:09,Federal,true,36.0,35.0,10.0,0,8.282017947401626e+17
ghost,Newspoll,2017-02-05 11:19:10,Federal,false,54.0,46.0,N/A,N/A,8.28201292753363e+17
ghost,Essential,2017-01-31 06:18:02,Federal,true,37.0,35.0,9.0,0,8.263135737857597e+17
ghost,Essential,2017-01-31 06:17:34,Federal,false,54.0,46.0,N/A,N/A,8.263134556699075e+17
ghost,Essential,2017-01-24 06:21:48,Federal,true,37.0,35.0,10.0,0,8.237778046133576e+17
ghost,Essential,2017-01-24 06:20:56,Federal,false,54.0,46.0,N/A,N/A,8.237775868367503e+17
ghost,Essential,2017-01-17 06:16:23,Federal,true,37.0,38.0,9.0,0,8.212397271813489e+17
ghost,Essential,2017-01-17 06:15:51,Federal,false,53.0,47.0,N/A,N/A,8.212395941421834e+17
ghost,ReachTEL,2017-01-15 13:49:25,Federal,true,35.0,37.1,9.8,0,8.206289597505495e+17
ghost,ReachTEL,2017-01-15 13:31:59,Federal,false,54.0,46.0,N/A,N/A,8.206245734481347e+17
ghost,Essential,2016-12-20 06:14:13,Federal,true,37.0,37.0,10.0,0,8.110923196130017e+17
ghost,Essential,2016-12-20 06:13:57,Federal,false,53.0,47.0,N/A,N/A,8.110922537582674e+17
ghost,Essential,2016-12-13 07:21:59,Federal,true,37.0,37.0,9.0,0,8.085726603135058e+17
ghost,Essential,2016-12-13 07:21:09,Federal,false,53.0,47.0,N/A,N/A,8.085724495874826e+17
ghost,Essential,2016-12-06 06:12:19,Federal,true,36.0,38.0,9.0,0,8.060184118766182e+17
ghost,Essential,2016-12-06 06:11:31,Federal,false,52.0,48.0,N/A,N/A,8.060182134063104e+17
ghost,Newspoll,2016-12-05 11:33:27,Federal,true,36.0,39.0,10.0,0,8.057368432410993e+17
ghost,Newspoll,2016-12-05 11:32:15,Federal,false,52.0,48.0,N/A,N/A,8.057365407689114e+17
ghost,Essential,2016-11-29 10:03:37,Federal,true,36.0,39.0,9.0,0,8.035399068908544e+17
ghost,Essential,2016-11-29 10:03:04,Federal,false,51.0,49.0,N/A,N/A,8.035397692505907e+17
ghost,Ipsos,2016-11-27 12:58:28,Federal,true,30.0,36.0,16.0,0,8.028591336029307e+17
ghost,Ipsos,2016-11-27 12:02:32,Federal,false,51.0,49.0,N/A,N/A,8.028450571160945e+17
ghost,Essential,2016-11-22 06:14:00,Federal,true,37.0,38.0,10.0,0,8.009454060581847e+17
ghost,Essential,2016-11-22 06:13:24,Federal,false,52.0,48.0,N/A,N/A,8.009452576091873e+17
ghost,Newspoll,2016-11-21 11:32:46,Federal,true,38.0,38.0,10.0,0,8.006632395707965e+17
ghost,Newspoll,2016-11-21 11:32:20,Federal,false,53.0,47.0,N/A,N/A,8.006631318401229e+17
ghost,Essential,2016-11-15 06:17:12,Federal,true,37.0,37.0,11.0,0,7.984094977987256e+17
ghost,Essential,2016-11-15 06:15:20,Federal,false,53.0,47.0,N/A,N/A,7.984090262037791e+17
ghost,Galaxy,2016-11-14 06:28:42,Federal,true,30.0,39.0,8.0,0,7.98050002618622e+17
ghost,Galaxy,2016-11-14 06:28:22,Federal,false,48.0,52.0,N/A,N/A,7.980499173735137e+17
ghost,Essential,2016-11-08 06:24:23,Federal,true,37.0,38.0,10.0,0,7.958745892554424e+17
ghost,Essential,2016-11-08 06:23:39,Federal,false,53.0,47.0,N/A,N/A,7.958744045802414e+17
ghost,Newspoll,2016-11-07 11:18:20,Federal,true,38.0,39.0,10.0,0,7.955861761700864e+17
ghost,Newspoll,2016-11-07 11:17:51,Federal,false,53.0,47.0,N/A,N/A,7.95586054254252e+17
ghost,Essential,2016-11-01 06:12:29,Federal,true,37.0,38.0,10.0,0,7.933348794380575e+17
ghost,Essential,2016-11-01 06:11:45,Federal,false,52.0,48.0,N/A,N/A,7.9333469541709e+17
ghost,Essential,2016-10-25 07:23:52,Federal,true,37.0,38.0,10.0,0,7.90816127194497e+17
ghost,Essential,2016-10-25 07:23:17,Federal,false,52.0,48.0,N/A,N/A,7.90815981593428e+17
ghost,Newspoll,2016-10-24 12:04:47,Federal,true,37.0,39.0,10.0,0,7.90524434822017e+17
ghost,Newspoll,2016-10-24 12:04:21,Federal,false,52.0,48.0,N/A,N/A,7.905243287228252e+17
ghost,Morgan,2016-10-24 09:24:29,Federal,false,55.0,45.0,N/A,N/A,7.904840949205033e+17
ghost,Essential,2016-10-18 06:15:34,Federal,true,37.0,37.0,11.0,0,7.882622277531156e+17
ghost,Essential,2016-10-18 06:15:04,Federal,false,53.0,47.0,N/A,N/A,7.882620980651663e+17
ghost,Essential,2016-10-11 06:55:57,Federal,true,36.0,38.0,10.0,0,7.857356724264018e+17
ghost,Essential,2016-10-11 06:55:14,Federal,false,52.0,48.0,N/A,N/A,7.857354935897539e+17
ghost,Newspoll,2016-10-09 12:28:11,Federal,true,36.0,39.0,10.0,0,7.850945071423898e+17
ghost,Newspoll,2016-10-09 12:27:37,Federal,false,52.0,48.0,N/A,N/A,7.8509436483806e+17
ghost,Essential,2016-10-05 06:14:43,Federal,true,36.0,40.0,8.0,0,7.835509690741555e+17
ghost,Essential,2016-10-05 06:14:04,Federal,false,51.0,49.0,N/A,N/A,7.835508056473395e+17
ghost,Essential,2016-09-27 07:10:44,Federal,true,36.0,39.0,9.0,0,7.80665963003818e+17
ghost,Essential,2016-09-27 07:10:15,Federal,false,52.0,48.0,N/A,N/A,7.80665840127447e+17
ghost,Newspoll,2016-09-26 13:32:53,Federal,true,37.0,38.0,10.0,0,7.80399746070356e+17
ghost,Newspoll,2016-09-26 13:31:40,Federal,false,52.0,48.0,N/A,N/A,7.803994412242125e+17
ghost,Essential,2016-09-20 07:09:47,Federal,true,37.0,37.0,10.0,0,7.781290089575465e+17
ghost,Essential,2016-09-20 07:09:00,Federal,false,52.0,48.0,N/A,N/A,7.781288129156915e+17
ghost,Essential,2016-09-13 07:29:33,Federal,true,37.0,38.0,10.0,0,7.755972677891113e+17
ghost,Essential,2016-09-13 07:28:54,Federal,false,52.0,48.0,N/A,N/A,7.755971042531983e+17
ghost,Newspoll,2016-09-12 12:32:19,Federal,true,36.0,41.0,9.0,0,7.753110736415048e+17
ghost,Newspoll,2016-09-12 12:31:29,Federal,false,50.0,50.0,N/A,N/A,7.753108665141944e+17
ghost,Essential,2016-09-06 07:26:57,Federal,true,37.0,39.0,10.0,0,7.730599017612657e+17
ghost,Essential,2016-09-06 07:26:24,Federal,false,52.0,48.0,N/A,N/A,7.730597596792996e+17
ghost,Essential,2016-08-30 07:04:09,Federal,true,37.0,40.0,10.0,0,7.705174462183055e+17
ghost,Essential,2016-08-30 07:03:40,Federal,false,51.0,49.0,N/A,N/A,7.705173257746309e+17
ghost,Newspoll,2016-08-29 13:43:47,Federal,true,36.0,41.0,9.0,0,7.702556284722463e+17
ghost,Newspoll,2016-08-29 13:42:18,Federal,false,50.0,50.0,N/A,N/A,7.702552584884142e+17
ghost,Essential,2016-08-23 07:08:24,Federal,true,36.0,39.0,10.0,0,7.679818028833956e+17
ghost,Essential,2016-08-23 07:07:28,Federal,false,51.0,49.0,N/A,N/A,7.679815644498616e+17
ghost,Essential,2016-08-16 07:24:29,Federal,true,37.0,39.0,10.0,0,7.654491337547244e+17
ghost,Essential,2016-08-16 07:23:58,Federal,false,52.0,48.0,N/A,N/A,7.654490034167194e+17
ghost,Essential,2016-08-09 07:20:35,Federal,true,37.0,40.0,10.0,0,7.629114377358582e+17
ghost,Essential,2016-08-09 07:19:26,Federal,false,52.0,48.0,N/A,N/A,7.629111460808049e+17
ghost,Essential,2016-08-02 07:34:26,Federal,true,37.0,39.0,10.0,0,7.60378208197804e+17
ghost,Essential,2016-08-02 07:34:03,Federal,false,52.0,48.0,N/A,N/A,7.603781110829343e+17
ghost,Essential,2016-07-26 07:14:24,Federal,true,37.0,39.0,10.0,0,7.578364508092498e+17
ghost,Essential,2016-07-26 07:13:47,Federal,false,52.0,48.0,N/A,N/A,7.578362959052186e+17
ghost,Essential,2016-07-19 07:11:54,Federal,true,36.0,39.0,10.0,0,7.552991075230802e+17
ghost,Essential,2016-07-19 07:11:21,Federal,false,51.0,49.0,N/A,N/A,7.552989690690355e+17
ghost,Essential,2016-07-12 07:13:49,Federal,true,36.0,41.0,10.0,0,7.527628729968599e+17
ghost,Essential,2016-07-12 07:13:02,Federal,false,51.0,49.0,N/A,N/A,7.527626783937044e+17
ghost,Essential,2016-07-06 07:09:26,Federal,true,37.0,41.0,10.0,0,7.505874424329748e+17
ghost,Essential,2016-07-06 07:08:59,Federal,false,50.0,50.0,N/A,N/A,7.505873309316137e+17
ghost,Newspoll,2016-07-01 13:05:46,Federal,true,35.0,42.0,10.0,0,7.488651785616876e+17
ghost,Newspoll,2016-07-01 13:01:01,Federal,false,49.5,50.5,N/A,N/A,7.488639824553001e+17
ghost,Essential,2016-07-01 08:35:23,Federal,true,34.5,42.5,11.5,0,7.48797135756202e+17
ghost,Essential,2016-07-01 08:34:28,Federal,false,49.5,50.5,N/A,N/A,7.487969021083853e+17
ghost,ReachTEL,2016-07-01 08:12:18,Federal,true,34.6,42.8,10.7,0,7.48791327031042e+17
ghost,ReachTEL,2016-07-01 08:04:07,Federal,false,49.0,51.0,N/A,N/A,7.487892644233257e+17
ghost,Ipsos,2016-06-30 22:29:20,Federal,true,31.0,34.0,12.0,0,7.486446163295314e+17
ghost,Ipsos,2016-06-30 22:28:27,Federal,true,32.0,38.0,19.0,0,7.486443963340923e+17
ghost,Ipsos,2016-06-30 22:24:22,Federal,false,51.0,49.0,N/A,N/A,7.486433688596357e+17
ghost,Ipsos,2016-06-30 22:23:52,Federal,false,43.0,57.0,N/A,N/A,7.48643241403134e+17
ghost,Ipsos,2016-06-30 22:23:07,Federal,false,43.0,57.0,N/A,N/A,7.486430514263204e+17
ghost,Ipsos,2016-06-30 22:22:29,Federal,false,54.0,46.0,N/A,N/A,7.486428932339466e+17
ghost,Ipsos,2016-06-30 22:22:01,Federal,false,51.0,49.0,N/A,N/A,7.486427770475233e+17
ghost,Galaxy,2016-06-30 13:03:45,Federal,true,36.0,43.0,10.0,0,7.485022829294838e+17
ghost,Galaxy,2016-06-30 11:28:49,Federal,false,49.0,51.0,N/A,N/A,7.484783911127245e+17
ghost,Ipsos,2016-06-30 10:05:42,Federal,true,33.0,40.0,13.0,0,7.484574766689321e+17
ghost,Ipsos,2016-06-30 09:06:52,Federal,false,50.0,50.0,N/A,N/A,7.48442669613912e+17
ghost,Essential,2016-06-28 02:24:54,Federal,true,37.0,39.0,10.0,0,7.476167347277742e+17
ghost,Essential,2016-06-28 02:24:26,Federal,false,51.0,49.0,N/A,N/A,7.476166176563528e+17
ghost,Newspoll,2016-06-26 12:33:06,Federal,true,36.0,43.0,9.0,0,7.470450171270062e+17
ghost,Newspoll,2016-06-26 12:32:33,Federal,false,49.0,51.0,N/A,N/A,7.470448793105531e+17
ghost,Galaxy,2016-06-26 00:00:53,Federal,true,35.0,42.0,11.0,0,7.468557186161295e+17
ghost,Galaxy,2016-06-26 00:00:33,Federal,false,50.0,50.0,N/A,N/A,7.468556310851502e+17
ghost,ReachTEL,2016-06-24 08:12:18,Federal,true,33.7,42.3,10.5,0,7.462546120474214e+17
ghost,ReachTEL,2016-06-24 08:07:34,Federal,false,49.0,51.0,N/A,N/A,7.462534204792095e+17
ghost,Essential,2016-06-21 07:19:36,Federal,true,37.0,40.0,10.0,0,7.451541854531748e+17
ghost,Essential,2016-06-21 07:19:08,Federal,false,51.0,49.0,N/A,N/A,7.451540675932037e+17
ghost,Newspoll,2016-06-19 12:36:02,Federal,true,36.0,41.0,10.0,0,7.445090426602824e+17
ghost,Newspoll,2016-06-19 12:34:24,Federal,false,50.0,50.0,N/A,N/A,7.44508630909608e+17
ghost,Ipsos,2016-06-17 23:53:12,Federal,true,20.0,39.0,15.0,0,7.439546807246316e+17
ghost,Ipsos,2016-06-17 23:52:24,Federal,false,44.0,56.0,N/A,N/A,7.439544776070595e+17
ghost,Ipsos,2016-06-17 23:52:00,Federal,true,33.0,39.0,14.0,0,7.4395437758131e+17
ghost,Ipsos,2016-06-17 23:51:35,Federal,false,49.0,51.0,N/A,N/A,7.439542718345134e+17
ghost,Ipsos,2016-06-17 23:51:13,Federal,true,31.0,39.0,13.0,0,7.439541831039959e+17
ghost,Ipsos,2016-06-17 23:50:33,Federal,false,49.0,51.0,N/A,N/A,7.439540151808492e+17
ghost,Ipsos,2016-06-17 23:50:12,Federal,true,35.0,36.0,15.0,0,7.439539248774881e+17
ghost,Ipsos,2016-06-17 23:49:42,Federal,false,55.0,45.0,N/A,N/A,7.439537996733522e+17
ghost,Ipsos,2016-06-17 23:49:04,Federal,true,36.0,41.0,13.0,0,7.43953641300648e+17
ghost,Ipsos,2016-06-17 23:48:32,Federal,false,51.0,49.0,N/A,N/A,7.439535069947945e+17
ghost,Ipsos,2016-06-17 13:51:30,Federal,true,33.0,39.0,14.0,0,7.438032557764157e+17
ghost,ReachTEL,2016-06-17 08:14:18,Federal,true,33.6,43.5,9.1,0,7.437183991637934e+17
ghost,ReachTEL,2016-06-17 08:07:24,Federal,false,49.0,51.0,N/A,N/A,7.437166632714281e+17
ghost,Ipsos,2016-06-17 07:40:29,Federal,true,33.0,39.0,0,0,7.437098896382362e+17
ghost,Ipsos,2016-06-17 07:37:50,Federal,false,51.0,49.0,N/A,N/A,7.437092209109934e+17
ghost,Essential,2016-06-15 07:05:08,Federal,true,37.0,41.0,10.0,0,7.429762168907694e+17
ghost,Essential,2016-06-15 07:04:40,Federal,false,51.0,49.0,N/A,N/A,7.429760973405594e+17
ghost,ReachTEL,2016-06-10 08:42:21,Federal,true,33.2,42.7,9.9,0,7.411887418557276e+17
ghost,ReachTEL,2016-06-10 08:07:08,Federal,false,50.0,50.0,N/A,N/A,7.411798807971799e+17
ghost,Essential,2016-06-07 07:10:20,Federal,true,36.0,41.0,10.0,0,7.400784210326323e+17
ghost,Essential,2016-06-07 07:09:42,Federal,false,50.0,50.0,N/A,N/A,7.400782633058058e+17
ghost,Newspoll,2016-06-05 12:32:18,Federal,true,35.0,40.0,10.0,0,7.394346719146353e+17
ghost,Newspoll,2016-06-05 12:31:34,Federal,false,50.0,50.0,N/A,N/A,7.39434488699093e+17
ghost,Ipsos,2016-06-03 22:57:23,Federal,false,52.0,48.0,N/A,N/A,7.388672032697549e+17
ghost,Ipsos,2016-06-03 22:57:09,Federal,false,56.0,44.0,N/A,N/A,7.388671438364754e+17
ghost,Ipsos,2016-06-03 22:56:52,Federal,false,45.0,55.0,N/A,N/A,7.388670753392763e+17
ghost,Ipsos,2016-06-03 22:56:33,Federal,false,59.0,41.0,N/A,N/A,7.38866993747497e+17
ghost,Ipsos,2016-06-03 22:56:04,Federal,false,48.0,52.0,N/A,N/A,7.388668730312663e+17
ghost,Ipsos,2016-06-03 10:07:57,Federal,true,36.0,42.0,13.0,0,7.386735697736909e+17
ghost,Ipsos,2016-06-03 10:03:51,Federal,false,51.0,49.0,N/A,N/A,7.386725357435617e+17
ghost,ReachTEL,2016-06-03 08:19:04,Federal,true,34.9,41.5,10.1,0,7.38646169593643e+17
ghost,ReachTEL,2016-06-03 08:05:53,Federal,false,50.0,50.0,N/A,N/A,7.38642850833793e+17
ghost,Essential,2016-05-31 07:34:36,Federal,true,35.0,41.0,9.0,0,7.375478160509051e+17
ghost,Essential,2016-05-31 07:33:44,Federal,false,49.0,51.0,N/A,N/A,7.375475967349555e+17
ghost,Morgan,2016-05-30 07:09:11,Federal,true,25.0,31.0,8.5,0,7.371790304163267e+17
ghost,Morgan,2016-05-30 07:05:42,Federal,true,32.5,37.5,13.0,0,7.371781533076685e+17
ghost,Morgan,2016-05-30 07:04:52,Federal,false,51.0,49.0,N/A,N/A,7.371779452533801e+17
ghost,ReachTEL,2016-05-27 08:26:44,Federal,true,36.5,41.1,9.6,0,7.361113808650281e+17
ghost,ReachTEL,2016-05-27 08:06:19,Federal,false,52.0,48.0,N/A,N/A,7.361062462986895e+17
ghost,Essential,2016-05-24 07:04:10,Federal,true,37.0,41.0,9.0,0,7.350034384680591e+17
ghost,Essential,2016-05-24 07:03:32,Federal,false,51.0,49.0,N/A,N/A,7.350032807077069e+17
ghost,Newspoll,2016-05-22 12:35:24,Federal,true,36.0,41.0,11.0,0,7.343620211105178e+17
ghost,Newspoll,2016-05-22 12:25:35,Federal,false,51.0,49.0,N/A,N/A,7.343595510806938e+17
ghost,Ipsos,2016-05-20 14:18:18,Federal,true,34.0,43.0,14.0,0,7.336631435287839e+17
ghost,Ipsos,2016-05-20 08:26:01,Federal,false,49.0,51.0,N/A,N/A,7.335744885377188e+17
ghost,ReachTEL,2016-05-20 08:16:32,Federal,true,36.6,42.6,9.9,0,7.335720990385684e+17
ghost,ReachTEL,2016-05-20 08:11:08,Federal,false,50.0,50.0,N/A,N/A,7.335707412626473e+17
ghost,Essential,2016-05-17 07:12:26,Federal,true,38.0,42.0,9.0,0,7.324688074788618e+17
ghost,Essential,2016-05-17 07:12:06,Federal,false,51.0,49.0,N/A,N/A,7.324687199731098e+17
ghost,Morgan,2016-05-16 07:52:48,Federal,true,33.0,36.5,15.5,0,7.321165771396137e+17
ghost,Morgan,2016-05-16 07:50:11,Federal,false,52.5,47.5,N/A,N/A,7.321159176608195e+17
ghost,Galaxy,2016-05-14 00:55:20,Federal,true,33.0,46.0,9.0,2.0,7.312867402000876e+17
ghost,Galaxy,2016-05-13 12:18:36,Federal,false,46.0,54.0,N/A,N/A,7.310963043533128e+17
ghost,Essential,2016-05-10 07:12:20,Federal,true,38.0,42.0,10.0,0,7.29932066972799e+17
ghost,Essential,2016-05-10 07:11:29,Federal,false,51.0,49.0,N/A,N/A,7.299318495568404e+17
ghost,Ipsos,2016-05-08 13:52:36,Federal,true,33.0,44.0,14.0,0,7.293080187859845e+17
ghost,Newspoll,2016-05-08 12:36:07,Federal,true,37.0,41.0,11.0,0,7.292887719721452e+17
ghost,Newspoll,2016-05-08 12:34:59,Federal,false,51.0,49.0,N/A,N/A,7.292884875437916e+17
ghost,Ipsos,2016-05-08 08:11:49,Federal,false,49.0,51.0,N/A,N/A,7.29222259378774e+17
ghost,Galaxy,2016-05-07 23:59:53,Federal,true,36.0,42.0,11.0,0,7.2909845877939e+17
ghost,Galaxy,2016-05-07 23:59:23,Federal,false,50.0,50.0,N/A,N/A,7.29098335991169e+17
ghost,ReachTEL,2016-05-06 08:19:30,Federal,true,35.1,44.2,9.5,0,7.284994152923873e+17
ghost,ReachTEL,2016-05-06 08:18:41,Federal,false,50.0,50.0,N/A,N/A,7.284992119902413e+17
ghost,Essential,2016-05-03 07:26:16,Federal,true,38.0,40.0,10.0,0,7.273988560071434e+17
ghost,Essential,2016-05-03 07:25:57,Federal,false,52.0,48.0,N/A,N/A,7.273987756652175e+17
ghost,Morgan,2016-05-02 07:28:04,Federal,true,32.5,40.0,13.5,0,7.27036921679999e+17
ghost,Morgan,2016-05-02 07:26:33,Federal,false,51.0,49.0,N/A,N/A,7.270365392517489e+17
ghost,Essential,2016-04-27 07:26:39,Federal,true,39.0,40.0,10.0,0,7.252246247791862e+17
ghost,Essential,2016-04-27 07:26:09,Federal,false,52.0,48.0,N/A,N/A,7.252244986858455e+17
ghost,Essential,2016-04-19 04:29:54,Federal,true,36.0,42.0,11.0,0,7.222810418644337e+17
ghost,Essential,2016-04-19 04:29:25,Federal,false,50.0,50.0,N/A,N/A,7.2228092203742e+17
ghost,Morgan,2016-04-18 07:30:41,Federal,true,32.0,40.5,14.0,0,7.219641507845489e+17
ghost,Morgan,2016-04-18 07:29:55,Federal,false,50.0,50.0,N/A,N/A,7.219639576661852e+17
ghost,Newspoll,2016-04-17 13:46:37,Federal,true,36.0,41.0,11.0,0,7.216963701265121e+17
ghost,Newspoll,2016-04-17 13:45:56,Federal,false,51.0,49.0,N/A,N/A,7.216961966710497e+17
ghost,Ipsos,2016-04-17 09:07:38,Federal,true,33.0,42.0,14.0,0,7.216261620787036e+17
ghost,Ipsos,2016-04-17 08:57:26,Federal,false,50.0,50.0,N/A,N/A,7.21623595126956e+17
ghost,ReachTEL,2016-04-15 08:14:03,Federal,true,35.8,43.5,9.8,0,7.20887900427006e+17
ghost,ReachTEL,2016-04-15 08:07:17,Federal,false,50.0,50.0,N/A,N/A,7.208861960212398e+17
ghost,Essential,2016-04-12 07:09:38,Federal,true,35.0,42.0,11.0,0,7.197845266631967e+17
ghost,Essential,2016-04-12 07:09:12,Federal,false,50.0,50.0,N/A,N/A,7.197844151617905e+17
ghost,Essential,2016-04-05 07:28:52,Federal,true,37.0,42.0,10.0,0,7.172526494064312e+17
ghost,Essential,2016-04-05 07:28:28,Federal,false,50.0,50.0,N/A,N/A,7.17252551523967e+17
ghost,Newspoll,2016-04-04 12:18:03,Federal,true,36.0,41.0,11.0,0,7.16963038121726e+17
ghost,Newspoll,2016-04-04 12:17:07,Federal,false,51.0,49.0,N/A,N/A,7.169628026366935e+17
ghost,Morgan,2016-04-04 08:57:09,Federal,true,31.0,42.0,13.0,0,7.169124801281106e+17
ghost,Morgan,2016-04-04 08:56:13,Federal,false,47.5,52.5,N/A,N/A,7.169122431247974e+17
ghost,Essential,2016-03-30 06:32:43,Federal,true,38.0,43.0,9.0,0,7.150641930079273e+17
ghost,Essential,2016-03-30 06:31:07,Federal,false,50.0,50.0,N/A,N/A,7.150637915333427e+17
ghost,ReachTEL,2016-03-22 08:43:32,Federal,true,34.4,46.6,10.5,0,7.121980108689326e+17
ghost,ReachTEL,2016-03-22 08:41:39,Federal,false,48.0,52.0,N/A,N/A,7.121975391732408e+17
ghost,Essential,2016-03-22 06:25:47,Federal,true,38.0,43.0,10.0,0,7.121633438767964e+17
ghost,Essential,2016-03-22 06:25:22,Federal,false,50.0,50.0,N/A,N/A,7.121632395267277e+17
ghost,Morgan,2016-03-21 06:24:10,Federal,true,33.0,40.0,14.0,0,7.118005503506719e+17
ghost,Morgan,2016-03-21 06:23:24,Federal,false,50.5,49.5,N/A,N/A,7.118003567793398e+17
ghost,Newspoll,2016-03-20 11:35:11,Federal,true,34.0,43.0,12.0,0,7.115164339271475e+17
ghost,Newspoll,2016-03-20 11:32:45,Federal,false,49.0,51.0,N/A,N/A,7.115158202501161e+17
ghost,Essential,2016-03-15 06:24:24,Federal,true,36.0,42.0,11.0,0,7.096262827329495e+17
ghost,Essential,2016-03-15 06:23:03,Federal,false,50.0,50.0,N/A,N/A,7.096259420841697e+17
ghost,Ipsos,2016-03-13 08:03:39,Federal,true,31.0,45.0,14.0,0,7.08926482798633e+17
ghost,Ipsos,2016-03-13 08:01:26,Federal,false,47.0,53.0,N/A,N/A,7.089259263948431e+17
ghost,Essential,2016-03-08 06:21:59,Federal,true,37.0,43.0,10.0,0,7.07088958144979e+17
ghost,Essential,2016-03-08 06:20:12,Federal,false,50.0,50.0,N/A,N/A,7.070885095682867e+17
ghost,Newspoll,2016-03-07 11:20:00,Federal,true,35.0,43.0,12.0,0,7.068015694428692e+17
ghost,Newspoll,2016-03-07 11:19:16,Federal,false,50.0,50.0,N/A,N/A,7.068013866257244e+17
ghost,Morgan,2016-03-07 06:24:31,Federal,true,29.5,43.0,13.0,0,7.067272094367539e+17
ghost,Morgan,2016-03-07 06:23:00,Federal,false,47.0,53.0,N/A,N/A,7.067268248064942e+17
ghost,Essential,2016-03-01 06:21:02,Federal,true,38.0,43.0,10.0,0,7.045520049331241e+17
ghost,Essential,2016-03-01 06:20:36,Federal,false,50.0,50.0,N/A,N/A,7.045518943335875e+17
ghost,Essential,2016-02-23 07:02:07,Federal,true,35.0,44.0,10.0,0,7.020256301209354e+17
ghost,Essential,2016-02-23 07:01:46,Federal,false,48.0,52.0,N/A,N/A,7.020255408578314e+17
ghost,Morgan,2016-02-22 06:28:58,Federal,true,29.5,43.5,15.0,0,7.016548971172823e+17
ghost,Morgan,2016-02-22 06:26:55,Federal,false,47.5,52.5,N/A,N/A,7.016543823292293e+17
ghost,Newspoll,2016-02-21 11:51:28,Federal,true,35.0,43.0,12.0,0,7.013736720999383e+17
ghost,Newspoll,2016-02-21 11:50:35,Federal,false,50.0,50.0,N/A,N/A,7.013734466435154e+17
ghost,Essential,2016-02-16 07:00:18,Federal,true,33.0,43.0,11.0,0,6.994884563475497e+17
ghost,Essential,2016-02-16 06:59:23,Federal,false,48.0,52.0,N/A,N/A,6.994882252917391e+17
ghost,Ipsos,2016-02-14 08:04:46,Federal,true,32.0,44.0,15.0,0,6.987799056186532e+17
ghost,Ipsos,2016-02-14 08:03:19,Federal,false,48.0,52.0,N/A,N/A,6.987795373209723e+17
ghost,ReachTEL,2016-02-12 08:14:30,Federal,true,32.8,48.1,10.1,0,6.980575793651384e+17
ghost,ReachTEL,2016-02-12 07:31:08,Federal,false,46.0,54.0,N/A,N/A,6.98046662506197e+17
ghost,Essential,2016-02-09 06:28:00,Federal,true,35.0,43.0,11.0,0,6.969436133480817e+17
ghost,Essential,2016-02-09 06:28:00,Federal,true,35.0,43.0,11.0,0,6.96943613348081e+17
ghost,Essential,2016-02-09 06:27:43,Federal,false,49.0,51.0,N/A,N/A,6.969435400442266e+17
ghost,Essential,2016-02-09 06:27:00,Federal,false,49.0,51.0,N/A,N/A,6.96943540044226e+17
ghost,Morgan,2016-02-09 06:23:10,Federal,true,29.0,43.5,16.0,0,6.969423961359032e+17
ghost,Morgan,2016-02-09 06:23:00,Federal,true,29.0,43.5,16.0,0,6.96942396135903e+17
ghost,Morgan,2016-02-09 06:22:36,Federal,false,47.5,52.5,N/A,N/A,6.969422519483023e+17
ghost,Morgan,2016-02-09 06:22:00,Federal,false,47.5,52.5,N/A,N/A,6.96942251948302e+17
ghost,Essential,2016-02-02 06:28:00,Federal,true,35.0,44.0,11.0,0,6.94406953452199e+17
ghost,Essential,2016-02-02 06:27:00,Federal,false,49.0,51.0,N/A,N/A,6.94406856647651e+17
ghost,Newspoll,2016-01-31 13:03:00,Federal,true,34.0,46.0,11.0,0,6.93781713239945e+17
ghost,Newspoll,2016-01-31 12:13:00,Federal,false,47.0,53.0,N/A,N/A,6.93769176389804e+17
ghost,Essential,2016-01-27 06:37:00,Federal,true,35.0,44.0,10.0,0,6.9223483480306e+17
ghost,Essential,2016-01-27 06:36:00,Federal,false,48.0,52.0,N/A,N/A,6.92234663327326e+17
ghost,Morgan,2016-01-25 07:39:00,Federal,true,21.5,31.5,0,0,6.91525865037901e+17
ghost,Morgan,2016-01-25 07:29:00,Federal,true,28.0,43.5,15.0,0,6.91523266033258e+17
ghost,Morgan,2016-01-25 07:28:00,Federal,false,45.0,55.0,N/A,N/A,6.91523093949362e+17
ghost,ReachTEL,2016-01-22 08:39:00,Federal,true,31.8,48.5,10.8,0,6.90454e+17
ghost,ReachTEL,2016-01-22 07:50:00,Federal,false,45.0,55.0,N/A,N/A,6.90441e+17
ghost,Essential,2016-01-19 08:17:00,Federal,true,35.0,44.0,10.0,2.0,6.89361e+17
ghost,Essential,2016-01-19 08:17:00,Federal,false,49.0,51.0,N/A,N/A,6.89361e+17
ghost,Essential,2015-12-15 09:39:00,Federal,true,35.0,45.0,10.0,0,6.76698e+17
ghost,Essential,2015-12-15 09:37:00,Federal,false,48.0,52.0,N/A,N/A,6.76698e+17
ghost,Morgan,2015-12-15 09:35:00,Federal,true,27.0,48.0,14.5,0,6.76697e+17
ghost,Morgan,2015-12-15 09:34:00,Federal,false,42.5,57.5,N/A,N/A,6.76697e+17
ghost,Essential,2015-12-05 07:18:00,Federal,true,39.0,41.0,11.0,0,5.98024e+17
ghost,Essential,2015-12-05 07:17:00,Federal,false,52.0,48.0,N/A,N/A,5.98024e+17
ghost,Newspoll,2015-12-04 12:10:00,Federal,true,36.0,41.0,11.0,0,5.87226e+17
ghost,Newspoll,2015-12-04 12:10:00,Federal,false,51.0,49.0,N/A,N/A,5.87226e+17
ghost,Ipsos,2015-12-04 11:00:00,Federal,false,54.0,46.0,N/A,N/A,5.87209e+17
ghost,Ipsos,2015-12-04 11:00:00,Federal,true,38.0,39.0,13.0,0,5.87209e+17
ghost,Morgan,2015-12-01 06:29:00,Federal,false,54.0,46.0,N/A,N/A,5.54526e+17
ghost,Morgan,2015-11-30 06:27:00,Federal,true,28.5,46.5,14.0,0,6.71214e+17
ghost,Morgan,2015-11-30 06:27:00,Federal,false,44.0,56.0,N/A,N/A,6.71214e+17
ghost,ReachTEL,2015-11-27 08:16:00,Federal,true,31.1,48.8,11.2,0,6.70154e+17
ghost,ReachTEL,2015-11-27 07:07:00,Federal,false,45.0,55.0,N/A,N/A,6.70137e+17
ghost,Essential,2015-11-24 06:23:00,Federal,true,35.0,44.0,10.0,0,6.69039e+17
ghost,Essential,2015-11-24 06:22:00,Federal,false,48.0,52.0,N/A,N/A,6.69038e+17
ghost,Newspoll,2015-11-23 11:33:00,Federal,true,33.0,46.0,11.0,0,6.68754e+17
ghost,Newspoll,2015-11-23 11:32:00,Federal,false,47.0,53.0,N/A,N/A,6.68754e+17
ghost,Galaxy,2015-11-20 22:28:00,Federal,false,42.0,58.0,N/A,N/A,6.67832e+17
ghost,Essential,2015-11-17 06:25:00,Federal,true,36.0,45.0,10.0,0,6.66503e+17
ghost,Essential,2015-11-17 06:25:00,Federal,false,48.0,52.0,N/A,N/A,6.66502e+17
ghost,Ipsos,2015-11-16 21:27:00,Federal,false,38.0,62.0,N/A,N/A,6.66367e+17
ghost,Ipsos,2015-11-16 21:27:00,Federal,false,40.0,60.0,N/A,N/A,6.66367e+17
ghost,Ipsos,2015-11-16 21:25:00,Federal,false,43.0,57.0,N/A,N/A,6.66367e+17
ghost,Ipsos,2015-11-16 21:25:00,Federal,false,49.0,51.0,N/A,N/A,6.66367e+17
ghost,Ipsos,2015-11-16 08:09:00,Federal,true,29.0,48.0,13.0,0,6.66166e+17
ghost,Ipsos,2015-11-16 08:07:00,Federal,false,44.0,56.0,N/A,N/A,6.66166e+17
ghost,Morgan,2015-11-16 06:21:00,Federal,true,28.0,46.0,14.5,0,6.66139e+17
ghost,Morgan,2015-11-16 06:20:00,Federal,false,44.0,56.0,N/A,N/A,6.66139e+17
ghost,Newspoll,2015-11-10 11:04:00,Federal,true,35.0,43.0,12.0,0,6.53164e+17
ghost,Newspoll,2015-11-10 11:03:00,Federal,false,50.0,50.0,N/A,N/A,6.53164e+17
ghost,Essential,2015-11-08 07:25:00,Federal,true,39.0,40.0,11.0,0,6.31003e+17
ghost,Essential,2015-11-08 07:25:00,Federal,false,53.0,47.0,N/A,N/A,6.31003e+17
ghost,Essential,2015-10-27 06:35:00,Federal,true,35.0,45.0,11.0,0,6.58895e+17
ghost,Essential,2015-10-27 06:34:00,Federal,false,48.0,52.0,N/A,N/A,6.58894e+17
ghost,Newspoll,2015-10-26 11:04:00,Federal,true,35.0,45.0,11.0,0,6.586e+17
ghost,Newspoll,2015-10-26 11:03:00,Federal,false,48.0,52.0,N/A,N/A,6.586e+17
ghost,ReachTEL,2015-10-23 09:11:00,Federal,true,33.0,46.7,11.3,0,6.57484e+17
ghost,ReachTEL,2015-10-23 07:27:00,Federal,false,47.0,53.0,N/A,N/A,6.57458e+17
ghost,Essential,2015-10-20 06:22:00,Federal,true,36.0,44.0,11.0,0,6.56355e+17
ghost,Essential,2015-10-20 06:21:00,Federal,false,49.0,51.0,N/A,N/A,6.56355e+17
ghost,Morgan,2015-10-19 06:28:00,Federal,true,27.5,46.5,15.5,0,6.55994e+17
ghost,Morgan,2015-10-19 06:28:00,Federal,false,44.0,56.0,N/A,N/A,6.55994e+17
ghost,Ipsos,2015-10-18 21:36:00,Federal,false,50.0,50.0,N/A,N/A,6.5586e+17
ghost,Ipsos,2015-10-18 21:35:00,Federal,false,44.0,56.0,N/A,N/A,6.5586e+17
ghost,Ipsos,2015-10-18 21:35:00,Federal,false,43.0,57.0,N/A,N/A,6.5586e+17
ghost,Ipsos,2015-10-18 21:35:00,Federal,false,49.0,51.0,N/A,N/A,6.5586e+17
ghost,Ipsos,2015-10-18 21:35:00,Federal,false,51.0,49.0,N/A,N/A,6.5586e+17
ghost,Ipsos,2015-10-18 08:04:00,Federal,true,30.0,45.0,14.0,0,6.55656e+17
ghost,Ipsos,2015-10-18 08:03:00,Federal,false,47.0,53.0,N/A,N/A,6.55655e+17
ghost,Essential,2015-10-13 06:45:00,Federal,true,36.0,44.0,10.0,0,6.53824e+17
ghost,Essential,2015-10-13 06:43:00,Federal,false,49.0,51.0,N/A,N/A,6.53823e+17
ghost,Essential,2015-10-11 06:18:00,Federal,true,35.0,45.0,10.0,0,6.63964e+17
ghost,Essential,2015-10-11 06:17:00,Federal,false,48.0,52.0,N/A,N/A,6.63964e+17
ghost,Morgan,2015-10-08 12:45:00,Federal,true,37.0,36.5,15.5,0,6.30722e+17
ghost,Morgan,2015-10-08 12:44:00,Federal,false,57.0,43.0,N/A,N/A,6.30721e+17
ghost,Essential,2015-10-06 07:28:00,Federal,false,52.0,48.0,N/A,N/A,6.08536e+17
ghost,Essential,2015-10-06 07:28:00,Federal,true,40.0,41.0,9.0,0,6.08536e+17
ghost,Essential,2015-09-29 07:20:00,Federal,true,35.0,44.0,11.0,0,6.48759e+17
ghost,Essential,2015-09-29 07:18:00,Federal,false,48.0,52.0,N/A,N/A,6.48759e+17
ghost,Essential,2015-09-22 07:24:00,Federal,true,37.0,43.0,11.0,0,6.46224e+17
ghost,Essential,2015-09-22 07:22:00,Federal,false,50.0,50.0,N/A,N/A,6.46223e+17
ghost,Newspoll,2015-09-21 12:21:00,Federal,false,49.0,51.0,N/A,N/A,6.45936e+17
ghost,Newspoll,2015-09-21 12:21:00,Federal,true,35.0,44.0,11.0,0,6.45936e+17
ghost,Morgan,2015-09-21 07:47:00,Federal,true,29.5,46.0,13.0,0,6.45867e+17
ghost,Morgan,2015-09-21 07:46:00,Federal,false,45.0,55.0,N/A,N/A,6.45867e+17
ghost,Galaxy,2015-09-17 14:17:00,Federal,true,36.0,44.0,11.0,2.0,6.44516e+17
ghost,Galaxy,2015-09-17 14:16:00,Federal,false,49.0,51.0,N/A,N/A,6.44515e+17
ghost,ReachTEL,2015-09-16 08:12:00,Federal,true,35.9,43.3,11.9,0,6.44061e+17
ghost,ReachTEL,2015-09-16 08:03:00,Federal,false,50.0,50.0,N/A,N/A,6.44059e+17
ghost,Essential,2015-09-15 07:30:00,Federal,false,52.0,48.0,N/A,N/A,6.43688e+17
ghost,Essential,2015-09-15 07:30:00,Federal,true,38.0,40.0,11.0,2.0,6.43688e+17
ghost,Newspoll,2015-09-11 11:34:00,Federal,true,34.0,46.0,10.0,0,6.63681e+17
ghost,Newspoll,2015-09-11 11:33:00,Federal,false,47.0,53.0,N/A,N/A,6.63681e+17
ghost,Newspoll,2015-09-08 12:05:00,Federal,true,39.0,39.0,13.0,0,6.30349e+17
ghost,Newspoll,2015-09-08 12:03:00,Federal,false,54.0,46.0,N/A,N/A,6.30349e+17
ghost,ReachTEL,2015-08-28 09:04:00,Federal,true,37.5,40.3,13.4,0,6.37189e+17
ghost,ReachTEL,2015-08-28 08:26:00,Federal,false,53.0,47.0,N/A,N/A,6.37179e+17
ghost,Essential,2015-08-25 07:23:00,Federal,true,37.0,41.0,10.0,0,6.36077e+17
ghost,Essential,2015-08-25 07:22:00,Federal,false,51.0,49.0,N/A,N/A,6.36076e+17
ghost,Newspoll,2015-08-24 12:06:00,Federal,true,39.0,38.0,13.0,0,6.35785e+17
ghost,Newspoll,2015-08-24 12:04:00,Federal,false,54.0,46.0,N/A,N/A,6.35785e+17
ghost,Morgan,2015-08-24 07:52:00,Federal,true,36.0,38.5,14.0,0,6.35721e+17
ghost,Morgan,2015-08-24 07:50:00,Federal,false,54.5,45.5,N/A,N/A,6.35721e+17
ghost,Galaxy,2015-08-22 12:47:00,Federal,true,37.0,41.0,10.0,3.0,6.35071e+17
ghost,Galaxy,2015-08-22 12:46:00,Federal,false,51.0,49.0,N/A,N/A,6.35071e+17
ghost,Essential,2015-08-18 07:13:00,Federal,true,38.0,41.0,10.0,2.0,6.33537e+17
ghost,Essential,2015-08-18 07:12:00,Federal,false,52.0,48.0,N/A,N/A,6.33537e+17
ghost,Ipsos,2015-08-16 22:24:00,Federal,false,52.0,48.0,N/A,N/A,6.33042e+17
ghost,Ipsos,2015-08-16 22:24:00,Federal,false,58.0,42.0,N/A,N/A,6.33042e+17
ghost,Ipsos,2015-08-16 22:23:00,Federal,false,58.0,42.0,N/A,N/A,6.33041e+17
ghost,Ipsos,2015-08-16 22:23:00,Federal,false,50.0,50.0,N/A,N/A,6.33041e+17
ghost,Ipsos,2015-08-16 22:22:00,Federal,false,50.0,50.0,N/A,N/A,6.33041e+17
ghost,Ipsos,2015-08-16 07:52:00,Federal,true,36.0,38.0,16.0,2.0,6.32822e+17
ghost,Ipsos,2015-08-16 07:51:00,Federal,false,54.0,46.0,N/A,N/A,6.32822e+17
ghost,Essential,2015-08-12 07:01:00,Federal,true,36.0,44.0,11.0,0,6.74122e+17
ghost,Essential,2015-08-12 06:59:00,Federal,false,49.0,51.0,N/A,N/A,6.74121e+17
ghost,Essential,2015-08-09 07:18:00,Federal,false,52.0,48.0,N/A,N/A,6.41149e+17
ghost,Essential,2015-08-09 07:18:00,Federal,true,38.0,40.0,11.0,2.0,6.41149e+17
ghost,ReachTEL,2015-08-08 13:16:00,Federal,true,38.3,40.2,12.8,0,6.30005e+17
ghost,ReachTEL,2015-08-08 13:15:00,Federal,false,53.0,47.0,N/A,N/A,6.30004e+17
ghost,ReachTEL,2015-07-31 09:12:00,Federal,true,38.0,40.6,12.9,0,6.27044e+17
ghost,ReachTEL,2015-07-31 09:11:00,Federal,false,53.0,47.0,N/A,N/A,6.27044e+17
ghost,Essential,2015-07-28 07:21:00,Federal,true,38.0,40.0,11.0,0,6.25929e+17
ghost,Essential,2015-07-28 07:20:00,Federal,false,53.0,47.0,N/A,N/A,6.25929e+17
ghost,Morgan,2015-07-27 07:47:00,Federal,true,35.5,39.0,15.0,0,6.25573e+17
ghost,Morgan,2015-07-27 07:45:00,Federal,false,54.0,46.0,N/A,N/A,6.25573e+17
ghost,Essential,2015-07-21 07:14:00,Federal,true,38.0,41.0,11.0,2.0,6.2339e+17
ghost,Essential,2015-07-21 07:13:00,Federal,false,52.0,48.0,N/A,N/A,6.2339e+17
ghost,Newspoll,2015-07-20 12:31:00,Federal,true,39.0,40.0,12.0,0,6.23108e+17
ghost,Newspoll,2015-07-20 12:30:00,Federal,false,53.0,47.0,N/A,N/A,6.23108e+17
ghost,Essential,2015-07-14 07:16:00,Federal,false,52.0,48.0,N/A,N/A,6.20854e+17
ghost,Essential,2015-07-14 07:16:00,Federal,true,38.0,41.0,11.0,2.0,6.20854e+17
ghost,Morgan,2015-07-13 07:22:00,Federal,true,34.5,41.5,13.5,0,6.20493e+17
ghost,Morgan,2015-07-13 07:20:00,Federal,false,51.0,49.0,N/A,N/A,6.20493e+17
ghost,Newspoll,2015-07-12 11:35:00,Federal,false,47.0,53.0,N/A,N/A,6.73828e+17
ghost,Newspoll,2015-07-12 11:35:00,Federal,true,33.0,45.0,12.0,0,6.73828e+17
ghost,Morgan,2015-07-09 07:20:00,Federal,true,35.5,36.5,16.5,0,6.40787e+17
ghost,Morgan,2015-07-09 07:20:00,Federal,false,55.0,45.0,N/A,N/A,6.40787e+17
ghost,Essential,2015-07-07 07:19:00,Federal,true,39.0,41.0,10.0,0,6.18318e+17
ghost,Essential,2015-07-07 07:18:00,Federal,false,52.0,48.0,N/A,N/A,6.18318e+17
ghost,Morgan,2015-07-04 07:32:00,Federal,true,36.0,40.5,12.5,0,5.85344e+17
ghost,Morgan,2015-07-04 07:30:00,Federal,false,53.0,47.0,N/A,N/A,5.85344e+17
ghost,Essential,2015-06-30 07:13:00,Federal,true,39.0,41.0,11.0,0,6.1578e+17
ghost,Essential,2015-06-30 07:12:00,Federal,false,53.0,47.0,N/A,N/A,6.1578e+17
ghost,Morgan,2015-06-29 07:17:00,Federal,true,36.0,39.0,14.0,0,6.15419e+17
ghost,Morgan,2015-06-29 07:17:00,Federal,false,53.5,46.5,N/A,N/A,6.15419e+17
ghost,ReachTEL,2015-06-26 08:17:00,Federal,true,37.0,41.9,13.1,0,6.14347e+17
ghost,ReachTEL,2015-06-26 08:16:00,Federal,false,52.0,48.0,N/A,N/A,6.14346e+17
ghost,Essential,2015-06-23 07:21:00,Federal,true,39.0,41.0,10.0,0,6.13246e+17
ghost,Essential,2015-06-23 07:20:00,Federal,false,52.0,48.0,N/A,N/A,6.13245e+17
ghost,Essential,2015-06-16 07:20:00,Federal,true,39.0,42.0,10.0,0,6.10709e+17
ghost,Essential,2015-06-16 07:20:00,Federal,false,52.0,48.0,N/A,N/A,6.10708e+17
ghost,Newspoll,2015-06-15 12:37:00,Federal,false,51.0,49.0,N/A,N/A,6.10426e+17
ghost,Newspoll,2015-06-15 12:37:00,Federal,true,34.0,40.0,14.0,0,6.10426e+17
ghost,Morgan,2015-06-15 07:22:00,Federal,true,37.5,37.5,13.5,0,6.10347e+17
ghost,Morgan,2015-06-15 07:22:00,Federal,false,54.5,45.5,N/A,N/A,6.10347e+17
ghost,Ipsos,2015-06-14 11:11:00,Federal,false,50.0,50.0,N/A,N/A,6.10042e+17
ghost,Ipsos,2015-06-14 11:02:00,Federal,true,37.0,40.0,14.0,0,6.1004e+17
ghost,Ipsos,2015-06-14 11:01:00,Federal,false,53.0,47.0,N/A,N/A,6.10039e+17
ghost,Essential,2015-06-10 06:41:00,Federal,false,48.0,52.0,N/A,N/A,6.51286e+17
ghost,Essential,2015-06-10 06:41:00,Federal,true,35.0,44.0,10.0,0,6.51286e+17
ghost,Newspoll,2015-06-09 12:05:00,Federal,false,54.0,46.0,N/A,N/A,6.40496e+17
ghost,Newspoll,2015-06-09 12:05:00,Federal,true,39.0,39.0,12.0,0,6.40496e+17
ghost,Essential,2015-05-26 07:17:00,Federal,true,39.0,41.0,10.0,0,6.03098e+17
ghost,Essential,2015-05-26 07:16:00,Federal,false,52.0,48.0,N/A,N/A,6.03097e+17
ghost,Galaxy,2015-05-22 21:24:00,Federal,true,36.0,44.0,10.0,2.0,6.01861e+17
ghost,Galaxy,2015-05-22 21:23:00,Federal,false,49.0,51.0,N/A,N/A,6.01861e+17
ghost,Essential,2015-05-19 07:14:00,Federal,true,40.0,41.0,10.0,0,6.0056e+17
ghost,Essential,2015-05-19 07:13:00,Federal,false,52.0,48.0,N/A,N/A,6.0056e+17
ghost,Morgan,2015-05-18 07:14:00,Federal,true,35.5,41.5,12.5,0,6.00198e+17
ghost,Morgan,2015-05-18 07:13:00,Federal,false,51.0,49.0,N/A,N/A,6.00197e+17
ghost,Ipsos,2015-05-17 22:17:00,Federal,false,50.0,50.0,N/A,N/A,6.00063e+17
ghost,Ipsos,2015-05-17 22:16:00,Federal,false,43.0,57.0,N/A,N/A,6.00062e+17
ghost,Ipsos,2015-05-17 22:16:00,Federal,false,57.0,43.0,N/A,N/A,6.00062e+17
ghost,Newspoll,2015-05-17 12:22:00,Federal,false,53.0,47.0,N/A,N/A,5.99913e+17
ghost,Newspoll,2015-05-17 12:22:00,Federal,true,37.0,40.0,12.0,0,5.99913e+17
ghost,Ipsos,2015-05-17 09:53:00,Federal,true,35.0,43.0,13.0,0,5.99875e+17
ghost,Ipsos,2015-05-17 09:48:00,Federal,false,50.0,50.0,N/A,N/A,5.99874e+17
ghost,Galaxy,2015-05-15 14:04:00,Federal,true,39.0,41.0,11.0,2.0,5.99214e+17
ghost,Galaxy,2015-05-15 14:03:00,Federal,false,52.0,48.0,N/A,N/A,5.99213e+17
ghost,ReachTEL,2015-05-14 08:12:00,Federal,true,38.3,41.1,12.1,2.2,5.98763e+17
ghost,ReachTEL,2015-05-14 08:08:00,Federal,false,53.0,47.0,N/A,N/A,5.98762e+17
ghost,Morgan,2015-05-10 06:53:00,Federal,true,27.5,47.0,14.0,0,6.50927e+17
ghost,Morgan,2015-05-10 06:52:00,Federal,false,44.0,56.0,N/A,N/A,6.50927e+17
ghost,Ipsos,2015-05-07 22:20:00,Federal,false,58.0,42.0,N/A,N/A,6.1782e+17
ghost,Ipsos,2015-05-07 22:20:00,Federal,false,53.0,47.0,N/A,N/A,6.1782e+17
ghost,Ipsos,2015-05-07 22:19:00,Federal,false,51.0,49.0,N/A,N/A,6.1782e+17
ghost,Newspoll,2015-05-07 12:14:00,Federal,true,37.0,40.0,13.0,0,6.17668e+17
ghost,Newspoll,2015-05-07 12:13:00,Federal,false,52.0,48.0,N/A,N/A,6.17668e+17
ghost,Ipsos,2015-05-07 09:06:00,Federal,true,35.0,39.0,16.0,0,6.17621e+17
ghost,Ipsos,2015-05-07 09:05:00,Federal,false,53.0,47.0,N/A,N/A,6.1762e+17
ghost,Essential,2015-05-05 07:20:00,Federal,true,39.0,40.0,10.0,0,5.95488e+17
ghost,Essential,2015-05-05 07:19:00,Federal,false,53.0,47.0,N/A,N/A,5.95488e+17
ghost,Essential,2015-04-28 07:36:00,Federal,true,39.0,40.0,10.0,2.0,5.92955e+17
ghost,Essential,2015-04-28 07:34:00,Federal,false,53.0,47.0,N/A,N/A,5.92955e+17
ghost,ReachTEL,2015-04-27 08:28:00,Federal,true,39.3,39.8,11.9,2.2,5.92606e+17
ghost,ReachTEL,2015-04-27 08:26:00,Federal,false,54.0,46.0,N/A,N/A,5.92606e+17
ghost,Essential,2015-04-21 07:22:00,Federal,true,39.0,41.0,11.0,0,5.90415e+17
ghost,Essential,2015-04-21 07:21:00,Federal,false,52.0,48.0,N/A,N/A,5.90415e+17
ghost,Morgan,2015-04-20 08:04:00,Federal,true,38.0,38.5,12.0,0,5.90063e+17
ghost,Morgan,2015-04-20 08:03:00,Federal,false,53.0,47.0,N/A,N/A,5.90063e+17
ghost,Essential,2015-04-14 07:15:00,Federal,true,39.0,41.0,10.0,2.0,5.87877e+17
ghost,Essential,2015-04-14 07:14:00,Federal,false,52.0,48.0,N/A,N/A,5.87877e+17
ghost,Ipsos,2015-04-13 00:25:00,Federal,false,53.0,47.0,N/A,N/A,5.87411e+17
ghost,Ipsos,2015-04-13 00:24:00,Federal,false,48.0,52.0,N/A,N/A,5.87411e+17
ghost,Ipsos,2015-04-13 00:24:00,Federal,false,59.0,41.0,N/A,N/A,5.87411e+17
ghost,Essential,2015-04-08 07:20:00,Federal,true,38.0,39.0,12.0,0,6.28466e+17
ghost,Essential,2015-04-08 07:20:00,Federal,false,53.0,47.0,N/A,N/A,6.28465e+17
ghost,Newspoll,2015-04-05 12:34:00,Federal,false,52.0,48.0,N/A,N/A,5.95205e+17
ghost,Newspoll,2015-04-05 12:34:00,Federal,true,35.0,39.0,12.0,0,5.95205e+17
ghost,Morgan,2015-04-05 07:19:00,Federal,true,37.5,40.0,11.5,0,5.95126e+17
ghost,Morgan,2015-04-05 07:18:00,Federal,false,53.5,46.5,N/A,N/A,5.95125e+17
ghost,Essential,2015-03-31 06:17:00,Federal,true,40.0,40.0,10.0,0,5.82789e+17
ghost,Essential,2015-03-31 06:17:00,Federal,false,53.0,47.0,N/A,N/A,5.82789e+17
